LST_2023,LST_2024,LST_2025,NDVI_2023,NDVI_2024,NDVI_2025,NDBI_2023,NDBI_2024,NDBI_2025,Humidity_23,Humidity_24,Humidity_25,Wind2023,Wind2024,Wind2025,TreeMASK_CSV_2023,TreeMASK_CSV_2024,TreeMASK_CSV_2025,Landcover,Road_Distance,building_density,Population_25,Albedo_25
47.3388977050781,47.3525733947754,44.6762619018555,0.18699187040329,0.0500000007450581,0.0500000007450581,0.0331125818192959,-0.030674846842885,-0.030674846842885,28.7150077819824,75.6220092773438,75.9671859741211,0.470444619655609,1.41567468643188,1.87627375125885,0,0,0,50,424081150,5460554,94.2035903930664,45.3810005187988
46.7954330444336,45.7631912231445,43.5380630493164,0.121495328843594,0.148936167359352,0.148936167359352,0.104477614164352,0.187969923019409,0.187969923019409,28.7150077819824,75.6220092773438,75.9671859741211,0.471695959568024,1.37953507900238,1.87806677818298,0,0,0,50,173154856,5462622,97.3578033447266,50.5519981384277
48.2959442138672,49.987865447998,46.6963119506836,0.0792079195380211,0.0147783253341913,0.0147783253341913,-0.0480769239366055,-0.0198019798845053,-0.0198019798845053,28.7150077819824,75.6220092773438,75.9671859741211,0.470444619655609,1.41567468643188,1.87627375125885,0,0,0,50,231000418,5466938,83.4271240234375,45.2509994506836
49.2427368164062,48.2515106201172,46.1494293212891,0.105590060353279,0.132075473666191,0.132075473666191,0.0,0.0977443605661392,0.0977443605661392,28.7150077819824,75.6220092773438,75.9671859741211,0.390679448843002,1.3548389673233,1.80588376522064,0,0,0,40,172631905,5475226,87.5237197875977,50.185001373291
46.9389915466309,46.2724761962891,44.7206954956055,0.146853148937225,0.202898547053337,0.202898547053337,0.0409356728196144,0.0514285713434219,0.0514285713434219,26.5467872619629,77.2574996948242,76.964111328125,0.384422987699509,1.38664555549622,1.78366601467133,0,0,0,50,459534796,5475227,91.5645446777344,54.1290016174316
49.5571937561035,47.8686943054199,45.3496131896973,0.0370370373129845,0.0434782616794109,0.0434782616794109,0.125,0.104477614164352,0.104477614164352,26.5467872619629,77.2574996948242,76.964111328125,0.384422987699509,1.38664555549622,1.78366601467133,0,0,0,50,326856783,5476782,98.9473876953125,49.6310005187988
48.6001472473145,47.5405616760254,46.3100738525391,0.129770994186401,0.259999990463257,0.259999990463257,-0.0206896550953388,0.0307692307978868,0.0307692307978868,28.7150077819824,75.6220092773438,75.9671859741211,0.384422987699509,1.38664555549622,1.78366601467133,0,0,0,50,326856779,5479327,104.076217651367,61.814998626709
48.5249519348145,48.6650924682617,45.8554801940918,0.142857149243355,0.136363640427589,0.136363640427589,0.0280373822897673,0.0566037744283676,0.0566037744283676,28.7150077819824,75.6220092773438,75.9671859741211,0.384422987699509,1.38664555549622,1.78366601467133,0,0,0,50,1186657922,5479328,95.4176406860352,51.9420013427734
46.2314605712891,45.20263671875,42.7245712280273,0.111111111938953,0.109589040279388,0.109589040279388,0.0673575103282928,0.114754095673561,0.114754095673561,28.7150077819824,75.6220092773438,75.9671859741211,0.384422987699509,1.38664555549622,1.78366601467133,0,0,0,50,681371191,5479331,101.319313049316,56.773998260498
50.3706817626953,49.3521118164062,45.8725700378418,0.070175439119339,0.0229007638990879,0.0229007638990879,0.170068025588989,0.135483875870705,0.135483875870705,26.5467872619629,77.2574996948242,76.964111328125,0.384422987699509,1.38664555549622,1.78366601467133,0,0,0,50,22867000,5481050,77.0975112915039,38.0740013122559
47.3525733947754,46.4433784484863,43.6884536743164,0.309734523296356,0.24731183052063,0.24731183052063,0.0326797403395176,0.127819553017616,0.127819553017616,28.7150077819824,75.6220092773438,75.9671859741211,0.384422987699509,1.38664555549622,1.78366601467133,0,0,0,50,451499759,5481051,103.531021118164,48.8680000305176
46.3921089172363,44.8369102478027,42.5263290405273,0.0464135035872459,0.0090909088030457,0.0090909088030457,-0.0290456432849169,-0.0090909088030457,-0.0090909088030457,28.7150077819824,75.6220092773438,75.9671859741211,0.390679448843002,1.3548389673233,1.80588376522064,0,0,0,50,681356207,5482853,92.07421875,38.6669998168945
48.8291549682617,48.1182098388672,46.5185737609863,0.078125,0.135593220591545,0.135593220591545,0.126582279801369,0.129870131611824,0.129870131611824,26.5467872619629,77.2574996948242,76.964111328125,0.384422987699509,1.38664555549622,1.78366601467133,0,0,0,50,424727308,5482855,76.9050369262695,38.8930015563965
48.1968231201172,46.4194526672363,44.9462852478027,0.0838709697127342,0.0506329126656055,0.0506329126656055,0.0454545468091965,0.0514285713434219,0.0514285713434219,26.5467872619629,77.2574996948242,76.964111328125,0.470444619655609,1.41567468643188,1.87627375125885,0,0,0,50,231000418,5482856,90.5640487670898,68.8789978027344
46.6723861694336,45.5239295959473,44.8334922790527,0.0256410259753466,0.0366492159664631,0.0366492159664631,0.0430622026324272,0.0246305409818888,0.0246305409818888,26.5467872619629,77.2574996948242,76.964111328125,0.384422987699509,1.38664555549622,1.78366601467133,0,0,0,50,326728727,5483074,91.111701965332,42.5610008239746
47.1133117675781,47.3252258300781,45.8588981628418,0.157894730567932,0.126213595271111,0.126213595271111,-0.03125,0.0085470089688897,0.0085470089688897,28.7150077819824,75.6220092773438,75.9671859741211,0.384422987699509,1.38664555549622,1.78366601467133,0,0,0,60,172637629,5483075,80.8183898925781,24.742000579834
48.5181159973145,47.8926200866699,44.5668869018555,0.184466019272804,0.188118815422058,0.188118815422058,0.0542635656893253,0.0625,0.0625,28.7150077819824,75.6220092773438,75.9671859741211,0.384422987699509,1.38664555549622,1.78366601467133,0,0,0,50,1298514462,5483076,105.505744934082,26.6860008239746
47.3320617675781,46.3750190734863,43.7670669555664,0.222222223877907,0.120689652860165,0.120689652860165,0.131578952074051,0.121621623635292,0.121621623635292,28.7150077819824,75.6220092773438,75.9671859741211,0.384422987699509,1.38664555549622,1.78366601467133,0,0,0,50,1222218168,5483331,101.549369812012,41.1030006408691
46.9800071716309,45.0248985290527,43.1484069824219,0.0445859879255295,0.0519480518996716,0.0519480518996716,0.0939226523041725,0.0847457647323608,0.0847457647323608,28.7150077819824,75.6220092773438,75.9671859741211,0.384422987699509,1.38664555549622,1.78366601467133,0,0,0,50,681356197,5483332,95.1117858886719,66.4720001220703
52.6129035949707,51.2491149902344,48.1147918701172,0.0990990996360779,0.108695648610592,0.108695648610592,0.170068025588989,0.184000000357628,0.184000000357628,28.7150077819824,75.6220092773438,75.9671859741211,0.470444619655609,1.41567468643188,1.87627375125885,0,0,0,50,172606025,366810329,103.981956481934,62.5890007019043
51.9532279968262,51.6456031799316,50.3023223876953,0.0967741906642914,0.108695648610592,0.108695648610592,0.105263158679008,0.105263158679008,0.105263158679008,28.7150077819824,75.6220092773438,75.9671859741211,0.384422987699509,1.38664555549622,1.78366601467133,0,0,0,50,326728736,366810341,104.427879333496,45.148998260498
49.8750686645508,52.4385833740234,52.0181694030762,0.18260869383812,0.181818187236786,0.181818187236786,0.170731708407402,0.15675675868988,0.15675675868988,26.5467872619629,77.2574996948242,76.964111328125,0.384422987699509,1.38664555549622,1.78366601467133,0,1,1,10,22867000,366810343,13.5941944122314,40.5890007019043
41.6820755004883,43.6816177368164,42.7040634155273,0.346534639596939,0.321428567171097,0.321428567171097,0.0215827338397503,0.0198675505816936,0.0198675505816936,28.7150077819824,75.6220092773438,75.9671859741211,0.384422987699509,1.38664555549622,1.78366601467133,0,0,0,50,231000418,366810354,91.0075073242188,41.2270011901855
48.4258308410645,47.3149719238281,45.4760780334473,0.130434781312943,0.3125,0.3125,-0.0129870129749179,0.0454545468091965,0.0454545468091965,28.7150077819824,75.6220092773438,75.9671859741211,0.390679448843002,1.3548389673233,1.80588376522064,0,0,0,50,173149083,366810358,77.1642532348633,47.5229988098145
47.8242568969727,46.8501243591309,45.0248985290527,0.107438012957573,0.0754716992378235,0.0754716992378235,0.0629370659589767,0.123076923191547,0.123076923191547,28.7150077819824,75.6220092773438,75.9671859741211,0.470444619655609,1.41567468643188,1.87627375125885,0,0,0,50,993889506,366810368,81.3391189575195,81.588996887207
47.0928001403809,45.5000038146973,43.2748718261719,0.0273972600698471,0.0596026480197906,0.0596026480197906,0.137931033968925,0.101123593747616,0.101123593747616,28.7150077819824,75.6220092773438,75.9671859741211,0.384422987699509,1.38664555549622,1.78366601467133,0,0,0,50,22867000,366810372,94.8399200439453,43.8380012512207
48.0464286804199,47.6909561157227,44.1122894287109,0.217391297221184,0.22891566157341,0.22891566157341,0.0088495574891567,0.0285714287310839,0.0285714287310839,28.7150077819824,75.6220092773438,75.9671859741211,0.470444619655609,1.41567468643188,1.87627375125885,0,0,0,50,734643258,366810373,106.510581970215,42.6570014953613
47.7969131469727,48.0703544616699,45.1376953125,0.185185179114342,0.0563380271196365,0.0563380271196365,0.0518518500030041,0.0506329126656055,0.0506329126656055,26.5467872619629,77.2574996948242,76.964111328125,0.384422987699509,1.38664555549622,1.78366601467133,0,0,0,50,22867000,366810385,94.5181427001953,39.3849983215332
47.7353897094727,46.9048118591309,44.2524261474609,0.112781956791878,0.102564103901386,0.102564103901386,0.0198675505816936,-0.088607594370842,-0.088607594370842,26.5467872619629,77.2574996948242,76.964111328125,0.384422987699509,1.38664555549622,1.78366601467133,0,0,0,50,1197849398,366810404,106.724227905273,60.0009994506836
46.5322456359863,50.6201972961426,45.9101676940918,0.274336278438568,0.289256185293198,0.289256185293198,0.11656441539526,0.113636367022991,0.113636367022991,26.5467872619629,77.2574996948242,76.964111328125,0.384422987699509,1.38664555549622,1.78366601467133,0,0,0,50,172606029,366810413,73.1431884765625,40.1139984130859
49.7110061645508,49.1641235351562,47.3559913635254,0.314814805984497,0.178294569253922,0.178294569253922,0.034013606607914,-0.0133333336561918,-0.0133333336561918,26.5467872619629,77.2574996948242,76.964111328125,0.384422987699509,1.38664555549622,1.78366601467133,1,1,1,10,326728736,366810422,90.0710983276367,45.726001739502
52.913688659668,51.1431541442871,49.2359008789062,0.0537634417414665,0.0476190485060215,0.0476190485060215,0.203252032399178,0.0350877195596695,0.0350877195596695,26.5467872619629,77.2574996948242,76.964111328125,0.384422987699509,1.38664555549622,1.78366601467133,0,0,0,50,473941427,366810439,105.200950622559,56.8530006408691
47.6294326782227,46.4570503234863,44.2250823974609,0.0319634713232517,0.0192307699471712,0.0192307699471712,-0.0134529145434499,0.0,0.0,28.7150077819824,75.6220092773438,75.9671859741211,0.384422987699509,1.38664555549622,1.78366601467133,0,0,0,50,1267051400,366810456,100.22110748291,65.8330001831055
47.6738662719727,46.6621322631836,44.7753829956055,0.0806451588869095,0.119999997317791,0.119999997317791,0.167701870203018,0.0869565233588219,0.0869565233588219,26.5467872619629,77.2574996948242,76.964111328125,0.384422987699509,1.38664555549622,1.78366601467133,0,0,0,50,1198567026,366810462,105.335098266602,39.125
48.6582565307617,47.6909561157227,45.9477653503418,0.0731707289814949,0.09375,0.09375,0.0833333358168602,0.0344827584922314,0.0344827584922314,28.7150077819824,75.6220092773438,75.9671859741211,0.384422987699509,1.38664555549622,1.78366601467133,0,1,1,50,680865141,366810470,99.37890625,30.3369998931885
52.1002006530762,50.9312400817871,48.4702644348145,0.0253164563328028,-0.005988024175167,-0.005988024175167,0.147368416190147,0.130890056490898,0.130890056490898,26.5467872619629,77.2574996948242,76.964111328125,0.384422987699509,1.38664555549622,1.78366601467133,0,0,0,50,22867000,366810479,95.4460220336914,35.4570007324219
46.9663352966309,46.3476753234863,44.4267463684082,0.0134529145434499,0.0044843051582574,0.0044843051582574,-0.0610328651964664,-0.0467289723455906,-0.0467289723455906,28.7150077819824,75.6220092773438,75.9671859741211,0.384422987699509,1.38664555549622,1.78366601467133,0,0,0,50,438118147,366810492,95.5946197509766,56.3499984741211
49.4478187561035,49.8511428833008,46.2929840087891,0.0578512400388718,0.0862068980932236,0.0862068980932236,0.117241382598877,0.118881121277809,0.118881121277809,28.7150077819824,75.6220092773438,75.9671859741211,0.390679448843002,1.3548389673233,1.80588376522064,0,0,0,50,326728727,366810497,49.0650939941406,37.6949996948242
47.7114639282227,46.1562652587891,43.7773208618164,0.0,-0.0131578948348761,-0.0131578948348761,0.0152284260839224,0.117647059261799,0.117647059261799,28.7150077819824,75.6220092773438,75.9671859741211,0.384422987699509,1.38664555549622,1.78366601467133,0,0,0,50,1214456119,366810511,104.457817077637,51.8289985656738
47.8823661804199,48.1694793701172,46.5561714172363,0.0940170958638191,0.0569105707108974,0.0569105707108974,0.0724637657403946,0.0972222238779068,0.0972222238779068,26.5467872619629,77.2574996948242,76.964111328125,0.384422987699509,1.38664555549622,1.78366601467133,0,0,0,50,438118147,366810533,84.4731903076172,36.0900001525879
54.0074577331543,52.3702239990234,50.8765487670898,0.0535714291036129,0.0598290599882603,0.0598290599882603,0.125925928354263,0.132867127656937,0.132867127656937,28.7150077819824,75.6220092773438,75.9671859741211,0.470444619655609,1.41567468643188,1.87627375125885,0,0,0,50,615227992,366810535,105.090744018555,52.9370002746582
50.3946075439453,48.955623626709,46.8637962341309,0.0389610379934311,-0.0065359477885067,-0.0065359477885067,-0.0062893079593777,0.0129870129749179,0.0129870129749179,28.7150077819824,75.6220092773438,75.9671859741211,0.384422987699509,1.38664555549622,1.78366601467133,0,0,0,50,600565359,366810546,109.37614440918,54.0219993591309
47.7661514282227,46.2929840087891,45.1376953125,0.0331753566861153,0.0188679248094559,0.0188679248094559,-0.0331753566861153,-0.0485436879098415,-0.0485436879098415,28.7150077819824,75.6220092773438,75.9671859741211,0.384422987699509,1.38664555549622,1.78366601467133,0,0,0,50,326728727,366810547,105.696937561035,84.572998046875
50.3330841064453,49.6426467895508,46.1767730712891,0.0578512400388718,0.0078740157186985,0.0078740157186985,0.0724637657403946,0.123287670314312,0.123287670314312,28.7150077819824,75.6220092773438,75.9671859741211,0.470444619655609,1.41567468643188,1.87627375125885,0,0,0,50,172631905,366810562,108.374610900879,41.5379981994629
50.131420135498,48.931697845459,46.8056869506836,0.070422537624836,0.0476190485060215,0.0476190485060215,0.116279073059559,0.174999997019768,0.174999997019768,28.7150077819824,75.6220092773438,75.9671859741211,0.384422987699509,1.38664555549622,1.78366601467133,0,0,0,50,172612646,366810565,87.7785186767578,63.5839996337891
49.1401977539062,48.1318817138672,44.8027267456055,0.0344827584922314,0.104000002145767,0.104000002145767,0.0909090936183929,0.0142857143655419,0.0142857143655419,28.7150077819824,75.6220092773438,75.9671859741211,0.390679448843002,1.3548389673233,1.80588376522064,0,0,0,50,22867000,366810574,64.8855895996094,43.6180000305176
47.0654563903809,46.4467964172363,43.9892387390137,0.0879120901226997,0.0340909101068974,0.0340909101068974,0.0099999997764825,0.0267379675060511,0.0267379675060511,26.5467872619629,77.2574996948242,76.964111328125,0.470444619655609,1.41567468643188,1.87627375125885,1,1,1,50,169446296,366810588,87.1615447998047,32.4449996948242
52.701774597168,50.3877716064453,47.1611633300781,0.108910888433456,0.0555555559694767,0.0555555559694767,0.131782948970795,0.116279073059559,0.116279073059559,28.7150077819824,75.6220092773438,75.9671859741211,0.384422987699509,1.38664555549622,1.78366601467133,0,0,0,50,1189582095,366810605,103.307052612305,44.5670013427734
48.7402877807617,48.2925262451172,46.0400505065918,0.0129870129749179,0.0048309178091585,0.0048309178091585,-0.0783410146832466,-0.0452261306345463,-0.0452261306345463,28.7150077819824,75.6220092773438,75.9671859741211,0.384422987699509,1.38664555549622,1.78366601467133,0,0,0,50,172631905,366810635,113.450004577637,39.4640007019043
50.1690216064453,49.4238929748535,47.3286437988281,0.0495049506425858,0.0505050495266914,0.0505050495266914,0.0619469024240971,0.0956521704792976,0.0956521704792976,26.5467872619629,77.2574996948242,76.964111328125,0.384422987699509,1.38664555549622,1.78366601467133,0,0,0,50,326854348,366810638,73.1219024658203,43.3689994812012
47.4858741760254,47.0791282653809,45.7119216918945,0.0596026480197906,0.0299401190131903,0.0299401190131903,0.0909090936183929,0.0601092912256718,0.0601092912256718,28.7150077819824,75.6220092773438,75.9671859741211,0.390679448843002,1.3548389673233,1.80588376522064,0,0,0,50,169430999,366810640,110.241989135742,43.4539985656738
47.8481826782227,46.3374214172363,45.4521522521973,0.108280256390572,0.111111111938953,0.111111111938953,0.0594594590365887,0.0270270276814699,0.0270270276814699,28.7150077819824,75.6220092773438,75.9671859741211,0.390679448843002,1.3548389673233,1.80588376522064,0,0,0,50,326728727,366810656,58.6223754882812,45.4879989624023
46.2588043212891,45.21630859375,42.7006454467773,0.0559006221592426,0.0151515156030655,0.0151515156030655,0.0,0.11842105537653,0.11842105537653,28.7150077819824,75.6220092773438,75.9671859741211,0.384422987699509,1.38664555549622,1.78366601467133,0,0,0,50,1193534999,366810665,92.6609344482422,42.4930000305176
49.8203811645508,49.7280960083008,46.8877220153809,0.195876285433769,0.284210532903671,0.284210532903671,0.0085470089688897,-0.0166666675359011,-0.0166666675359011,28.7150077819824,75.6220092773438,75.9671859741211,0.470444619655609,1.41567468643188,1.87627375125885,0,0,0,40,172606025,366810677,5.45565414428711,46.4720001220703
53.2486572265625,51.4952125549316,50.2749786376953,0.0338983051478863,0.03125,0.03125,0.0895522385835648,0.0222222227603197,0.0222222227603197,28.7150077819824,75.6220092773438,75.9671859741211,0.470444619655609,1.41567468643188,1.87627375125885,0,0,0,50,680856913,366810698,48.5864028930664,47.064998626709
47.8652763366699,46.8330307006836,45.9921989440918,0.0845070406794548,-0.0165745858103037,-0.0165745858103037,0.0375000014901161,-0.0348837226629257,-0.0348837226629257,28.7150077819824,75.6220092773438,75.9671859741211,0.384422987699509,1.38664555549622,1.78366601467133,0,0,0,50,172891913,366810709,114.384452819824,44.601001739502
47.6465225219727,46.2519683837891,45.0317344665527,0.0463576167821884,0.0629370659589767,0.0629370659589767,0.0867052003741264,0.0559006221592426,0.0559006221592426,28.7150077819824,75.6220092773438,75.9671859741211,0.384422987699509,1.38664555549622,1.78366601467133,0,0,0,50,326728727,366810731,104.845237731934,87.0820007324219
47.1406555175781,47.2124328613281,43.8866996765137,0.38738739490509,0.522935807704926,0.522935807704926,-0.0065359477885067,-0.0573248416185379,-0.0573248416185379,26.5467872619629,77.2574996948242,76.964111328125,0.384422987699509,1.38664555549622,1.78366601467133,0,1,1,50,172614817,366810742,46.4192276000977,39.4189987182617
46.6826400756836,44.6557540893555,42.6015243530273,0.0277777779847383,0.0065359477885067,0.0065359477885067,0.144508674740791,0.125,0.125,28.7150077819824,75.6220092773438,75.9671859741211,0.384422987699509,1.38664555549622,1.78366601467133,0,0,0,50,22867000,366810749,95.2338180541992,53.0270004272461
51.9019546508789,51.3789978027344,49.8579788208008,0.005988024175167,0.0270270276814699,0.0270270276814699,0.125,0.0379746817052364,0.0379746817052364,28.7150077819824,75.6220092773438,75.9671859741211,0.470444619655609,1.41567468643188,1.87627375125885,0,0,0,50,84643518,366810787,93.2522430419922,63.2449989318848
50.9688377380371,49.3521118164062,47.6772842407227,0.0892857164144516,0.0973451361060143,0.0973451361060143,0.0827067643404007,0.0746268630027771,0.0746268630027771,28.7150077819824,75.6220092773438,75.9671859741211,0.384422987699509,1.38664555549622,1.78366601467133,0,0,0,50,614788012,366810796,97.7686996459961,31.6310005187988
48.2788543701172,49.003475189209,46.1733551025391,0.340000003576279,0.351851850748062,0.351851850748062,0.0945945978164673,0.0519480518996716,0.0519480518996716,26.5467872619629,77.2574996948242,76.964111328125,0.384422987699509,1.38664555549622,1.78366601467133,0,0,0,50,22867000,366810814,98.427734375,50.9529991149902
47.2534484863281,45.8657341003418,43.4696998596191,0.0451612919569016,0.0121951214969158,0.0121951214969158,0.0470588244497776,0.0568181835114956,0.0568181835114956,28.7150077819824,75.6220092773438,75.9671859741211,0.471695959568024,1.37953507900238,1.87806677818298,0,1,1,50,600557271,367203466,99.6913528442383,41.2669982910156
49.6221351623535,49.8032913208008,49.1470336914062,0.0377358496189117,0.169491529464722,0.169491529464722,0.185185179114342,0.0738255009055138,0.0738255009055138,28.7150077819824,75.6220092773438,75.9671859741211,0.384422987699509,1.38664555549622,1.78366601467133,0,0,0,50,326728736,367203468,106.41902923584,43.9850006103516
47.5679054260254,47.9302177429199,45.3598670959473,0.0199999995529652,0.0167597774416208,0.0167597774416208,-0.00492610828951,0.0319148935377598,0.0319148935377598,28.7150077819824,75.6220092773438,75.9671859741211,0.384422987699509,1.38664555549622,1.78366601467133,0,0,0,50,757108053,367203469,104.126960754395,23.6060009002686
48.5864753723145,49.2017211914062,46.3100738525391,0.25,0.259999990463257,0.259999990463257,0.0625,0.0454545468091965,0.0454545468091965,28.7150077819824,75.6220092773438,75.9671859741211,0.390679448843002,1.3548389673233,1.80588376522064,0,0,0,50,313584727,367203475,50.4633750915527,39.9160003662109
47.9438896179199,47.3970069885254,44.6830978393555,0.0292397662997246,0.0596026480197906,0.0596026480197906,0.0276243090629578,0.0857142880558968,0.0857142880558968,28.7150077819824,75.6220092773438,75.9671859741211,0.470444619655609,1.41567468643188,1.87627375125885,0,0,0,50,438106248,367203476,98.8052139282227,50.5460014343262
49.7451858520508,54.5269966125488,53.5870399475098,0.114754095673561,0.15068493783474,0.15068493783474,0.16564416885376,0.147208124399185,0.147208124399185,28.7150077819824,75.6220092773438,75.9671859741211,0.384422987699509,1.38664555549622,1.78366601467133,0,0,0,50,1395100046,367203477,96.2933883666992,55.2480010986328
49.7383499145508,51.1602439880371,48.3882331848145,0.0909090936183929,0.0985915511846542,0.0985915511846542,0.136000007390976,0.212121218442917,0.212121218442917,26.5467872619629,77.2574996948242,76.964111328125,0.384422987699509,1.38664555549622,1.78366601467133,0,0,0,50,1191971689,367203478,96.0152893066406,55.0279998779297
47.3286437988281,46.9150657653809,44.5532150268555,0.214285716414452,0.382113814353943,0.382113814353943,-0.04294478520751,-0.0759493634104729,-0.0759493634104729,28.7150077819824,75.6220092773438,75.9671859741211,0.384422987699509,1.38664555549622,1.78366601467133,0,0,0,50,326854341,367203479,111.035751342773,57.3279991149902
46.6108627319336,45.2333984375,42.5775985717773,0.150326803326607,0.186206892132759,0.186206892132759,0.0167597774416208,-0.0058479532599449,-0.0058479532599449,28.7150077819824,75.6220092773438,75.9671859741211,0.470444619655609,1.41567468643188,1.87627375125885,0,0,0,50,323237656,367203481,103.899429321289,44.375
49.2769165039062,47.2671203613281,44.8574180603027,0.0270270276814699,0.0457516349852085,0.0457516349852085,0.111111111938953,0.0697674453258514,0.0697674453258514,28.7150077819824,75.6220092773438,75.9671859741211,0.384422987699509,1.38664555549622,1.78366601467133,0,0,0,50,761391164,367203483,101.234970092773,49.3540000915527
48.7539596557617,47.7764053344727,44.5908126831055,0.0675675645470619,0.0629370659589767,0.0629370659589767,0.0595238097012043,0.0843373462557793,0.0843373462557793,28.7150077819824,75.6220092773438,75.9671859741211,0.470444619655609,1.41567468643188,1.87627375125885,0,0,0,50,169444394,367203484,102.547607421875,39.0909996032715
47.9541435241699,46.5390815734863,43.7499771118164,0.0489510484039783,0.163934424519539,0.163934424519539,0.0506329126656055,0.0273972600698471,0.0273972600698471,28.7150077819824,75.6220092773438,75.9671859741211,0.390679448843002,1.3548389673233,1.80588376522064,0,0,0,50,681356211,367203486,91.7291030883789,53.0779991149902
50.035717010498,53.1324424743652,52.4385833740234,0.176470592617989,0.194029852747917,0.194029852747917,0.176470592617989,0.130434781312943,0.130434781312943,26.5467872619629,77.2574996948242,76.964111328125,0.384422987699509,1.38664555549622,1.78366601467133,1,1,1,10,172608767,367203488,100.896842956543,36.9720001220703
48.8223190307617,48.0361747741699,46.4946479797363,0.120689652860165,0.171171173453331,0.171171173453331,0.139072850346565,0.121621623635292,0.121621623635292,28.7150077819824,75.6220092773438,75.9671859741211,0.384422987699509,1.38664555549622,1.78366601467133,0,0,0,50,172610561,367203493,103.446624755859,50.484001159668
48.2925262451172,47.5405616760254,44.4711799621582,0.0874999985098839,0.040462426841259,0.040462426841259,0.0279329605400562,0.0163934417068958,0.0163934417068958,28.7150077819824,75.6220092773438,75.9671859741211,0.390679448843002,1.3548389673233,1.80588376522064,0,0,0,50,326864099,367203504,112.991432189941,64.0869979858398
47.1543273925781,46.1084136962891,45.6777420043945,0.0845070406794548,0.0746268630027771,0.0746268630027771,0.0434782616794109,0.0526315793395042,0.0526315793395042,28.7150077819824,75.6220092773438,75.9671859741211,0.471695959568024,1.37953507900238,1.87806677818298,0,0,0,50,424727392,367203506,102.483627319336,53.7789993286133
49.953685760498,48.897518157959,46.0742301940918,0.0877192988991737,0.140495866537094,0.140495866537094,0.0676691755652428,0.0142857143655419,0.0142857143655419,28.7150077819824,75.6220092773438,75.9671859741211,0.384422987699509,1.38664555549622,1.78366601467133,0,0,0,50,172617914,367203527,111.583038330078,65.5899963378906
49.960521697998,49.4068031311035,47.6431045532227,0.150442481040955,0.333333343267441,0.333333343267441,0.0579710155725479,0.007092198356986,0.007092198356986,28.7150077819824,75.6220092773438,75.9671859741211,0.390679448843002,1.3548389673233,1.80588376522064,0,0,0,60,564640964,367203533,101.689384460449,57.1020011901855
46.3818550109863,45.4213905334473,42.7997703552246,0.152542367577553,0.159663870930672,0.159663870930672,0.0933333337306976,0.0921052619814873,0.0921052619814873,28.7150077819824,75.6220092773438,75.9671859741211,0.390679448843002,1.3548389673233,1.80588376522064,0,0,0,50,603409928,367203539,77.9311370849609,36.7569999694824
46.9492454528809,46.6792221069336,43.5175514221191,0.0465116277337074,0.170370370149612,0.170370370149612,-0.0465116277337074,-0.0533333346247673,-0.0533333346247673,28.7150077819824,75.6220092773438,75.9671859741211,0.390679448843002,1.3548389673233,1.80588376522064,0,0,0,50,438105622,367203547,63.9635353088379,34.8580017089844
47.4619483947754,46.0776481628418,43.8935356140137,0.196428567171097,0.320754706859589,0.320754706859589,0.0428571440279484,-0.0071942447684705,-0.0071942447684705,26.5467872619629,77.2574996948242,76.964111328125,0.384422987699509,1.38664555549622,1.78366601467133,0,0,0,50,600557271,367203550,92.0971832275391,36.7400016784668
48.6001472473145,46.8159408569336,44.1362152099609,0.030303031206131,0.0555555559694767,0.0555555559694767,0.139240503311157,0.247524753212929,0.247524753212929,26.5467872619629,77.2574996948242,76.964111328125,0.384422987699509,1.38664555549622,1.78366601467133,0,0,0,50,1258217776,367203551,95.3558807373047,41.5040016174316
49.6836624145508,51.2286071777344,48.3506317138672,0.204545453190804,0.16326530277729,0.16326530277729,0.165354326367378,0.0731707289814949,0.0731707289814949,26.5467872619629,77.2574996948242,76.964111328125,0.384422987699509,1.38664555549622,1.78366601467133,0,0,0,50,473920472,367203558,94.0270614624023,54.7789993286133
52.0352592468262,51.7686538696289,50.1587677001953,0.146067410707474,0.171171173453331,0.171171173453331,0.142857149243355,0.109589040279388,0.109589040279388,28.7150077819824,75.6220092773438,75.9671859741211,0.470444619655609,1.41567468643188,1.87627375125885,0,0,0,20,169430999,367203560,29.1392459869385,35.4459991455078
49.4409828186035,48.5967292785645,45.7290115356445,0.0810810774564743,0.0825688093900681,0.0825688093900681,0.0909090936183929,0.163120567798615,0.163120567798615,28.7150077819824,75.6220092773438,75.9671859741211,0.384422987699509,1.38664555549622,1.78366601467133,0,0,0,50,614789605,367203562,89.8494186401367,35.8810005187988
50.018627166748,49.2598266601562,46.6723861694336,0.060606062412262,0.0175438597798347,0.0175438597798347,0.176470592617989,0.265822798013687,0.265822798013687,26.5467872619629,77.2574996948242,76.964111328125,0.384422987699509,1.38664555549622,1.78366601467133,0,0,0,50,169444410,367203568,85.1483459472656,26.0869998931885
48.3335418701172,47.6055068969727,45.6298904418945,0.069182388484478,-0.0120481923222542,-0.0120481923222542,0.0340909101068974,0.0238095242530107,0.0238095242530107,28.7150077819824,75.6220092773438,75.9671859741211,0.384422987699509,1.38664555549622,1.78366601467133,0,0,0,50,326728727,367203611,109.909713745117,44.6629981994629
48.8291549682617,48.1797332763672,45.7871170043945,0.060606062412262,0.0555555559694767,0.0555555559694767,0.0476190485060215,0.0,0.0,28.7150077819824,75.6220092773438,75.9671859741211,0.470444619655609,1.41567468643188,1.87627375125885,0,0,0,50,339563602,367203617,109.673233032227,36.2540016174316
46.9219017028809,45.7016677856445,42.9125633239746,0.0573248416185379,0.105263158679008,0.105263158679008,0.0726256966590881,0.0718232020735741,0.0718232020735741,28.7150077819824,75.6220092773438,75.9671859741211,0.384422987699509,1.38664555549622,1.78366601467133,0,0,0,50,22867000,367203622,110.848426818848,69.8509979248047
49.1367797851562,52.2437591552734,50.2578887939453,0.15887850522995,0.150442481040955,0.150442481040955,0.126760557293892,0.133333340287209,0.133333340287209,26.5467872619629,77.2574996948242,76.964111328125,0.384422987699509,1.38664555549622,1.78366601467133,0,0,0,10,680865149,367203624,60.0275115966797,30.9869995117188
47.5508155822754,47.8960380554199,46.3613471984863,0.144927531480789,0.146853148937225,0.146853148937225,0.0365853644907475,0.0179640725255013,0.0179640725255013,28.7150077819824,75.6220092773438,75.9671859741211,0.384422987699509,1.38664555549622,1.78366601467133,0,0,0,50,424727478,367203635,93.0542144775391,49.7379989624023
50.9517478942871,49.6084632873535,47.2124328613281,0.0199999995529652,0.108910888433456,0.108910888433456,0.184000000357628,0.164179101586342,0.164179101586342,28.7150077819824,75.6220092773438,75.9671859741211,0.384422987699509,1.38664555549622,1.78366601467133,0,0,0,50,172610574,367203640,98.781379699707,53.9029998779297
49.3692016601562,50.4800605773926,48.2583465576172,0.0921985805034637,0.0857142880558968,0.0857142880558968,0.114942528307438,0.136363640427589,0.136363640427589,28.7150077819824,75.6220092773438,75.9671859741211,0.384422987699509,1.38664555549622,1.78366601467133,0,0,0,50,1191969939,367203646,101.505935668945,54.7449989318848
51.1431541442871,49.5025062561035,46.6860580444336,0.0769230797886848,0.0370370373129845,0.0370370373129845,0.157894730567932,0.138461545109749,0.138461545109749,28.7150077819824,75.6220092773438,75.9671859741211,0.390679448843002,1.3548389673233,1.80588376522064,0,0,0,50,22867000,367203668,66.3203811645508,42.8209991455078
46.8432884216309,46.0127067565918,43.8285942077637,0.0746268630027771,0.0895522385835648,0.0895522385835648,0.132530122995377,0.130952388048172,0.130952388048172,28.7150077819824,75.6220092773438,75.9671859741211,0.384422987699509,1.38664555549622,1.78366601467133,0,0,0,50,173154856,367203673,112.003913879395,76.7060012817383
47.0791282653809,46.1015777587891,43.2167663574219,0.0555555559694767,0.078014187514782,0.078014187514782,0.105882354080677,0.0787878781557083,0.0787878781557083,26.5467872619629,77.2574996948242,76.964111328125,0.384422987699509,1.38664555549622,1.78366601467133,0,0,0,50,424058055,367203679,93.2094268798828,47.9070014953613
49.5230140686035,49.109432220459,46.7134017944336,0.101694911718369,0.126050427556038,0.126050427556038,0.133333340287209,0.129870131611824,0.129870131611824,28.7150077819824,75.6220092773438,75.9671859741211,0.384422987699509,1.38664555549622,1.78366601467133,0,0,0,50,231000418,367203684,97.4605331420898,60.7299995422363
51.5157203674316,50.128002166748,48.2617645263672,0.0857142880558968,0.121212124824524,0.121212124824524,0.105882354080677,0.108433738350868,0.108433738350868,26.5467872619629,77.2574996948242,76.964111328125,0.384422987699509,1.38664555549622,1.78366601467133,0,0,0,50,1258175975,367203693,97.4902725219727,46.064998626709
49.5503578186035,50.2305450439453,46.8774681091309,0.148148149251938,0.114754095673561,0.114754095673561,0.0676691755652428,0.0555555559694767,0.0555555559694767,28.7150077819824,75.6220092773438,75.9671859741211,0.470444619655609,1.41567468643188,1.87627375125885,0,0,0,30,22867000,367203696,78.7084732055664,48.0709991455078
45.8999137878418,45.3769569396973,41.9486808776855,0.0421052649617195,0.04294478520751,0.04294478520751,0.0050251255743205,0.0909090936183929,0.0909090936183929,26.5467872619629,77.2574996948242,76.964111328125,0.470444619655609,1.41567468643188,1.87627375125885,0,0,0,50,424058075,367203711,105.804832458496,47.3530006408691
48.1626434326172,47.6772842407227,44.3788948059082,0.116279073059559,0.114754095673561,0.114754095673561,0.088607594370842,0.0620689652860165,0.0620689652860165,28.7150077819824,75.6220092773438,75.9671859741211,0.384422987699509,1.38664555549622,1.78366601467133,0,0,0,50,326856780,367203713,108.028511047363,40.6450004577637
50.2920684814453,50.8081893920898,48.1250457763672,0.105882354080677,0.149425283074379,0.149425283074379,0.189655169844627,0.159663870930672,0.159663870930672,28.7150077819824,75.6220092773438,75.9671859741211,0.384422987699509,1.38664555549622,1.78366601467133,0,0,0,50,1191969939,367203714,96.5271530151367,57.7179985046387
51.5635719299316,51.9805717468262,48.1968231201172,0.181818187236786,0.221238940954208,0.221238940954208,0.0370370373129845,0.0142857143655419,0.0142857143655419,28.7150077819824,75.6220092773438,75.9671859741211,0.384422987699509,1.38664555549622,1.78366601467133,0,0,0,50,30392806,367203715,97.0256958007812,55.4290008544922
46.5083198547363,45.6879959106445,43.0595397949219,0.0270270276814699,0.0344827584922314,0.0344827584922314,-0.0316742099821568,-0.0344827584922314,-0.0344827584922314,26.5467872619629,77.2574996948242,76.964111328125,0.470444619655609,1.41567468643188,1.87627375125885,1,1,1,10,601941481,367203716,83.8428497314453,38.984001159668
50.025463104248,49.044490814209,47.7695693969727,0.0625,0.0799999982118607,0.0799999982118607,0.170731708407402,0.162790700793266,0.162790700793266,28.7150077819824,75.6220092773438,75.9671859741211,0.390679448843002,1.3548389673233,1.80588376522064,0,0,0,50,172891913,367203719,95.2773132324219,34.4910011291504
47.4824562072754,46.5219917297363,43.1073913574219,0.0236966833472252,-0.0461538471281528,-0.0461538471281528,-0.0434782616794109,0.0210526324808598,0.0210526324808598,26.5467872619629,77.2574996948242,76.964111328125,0.384422987699509,1.38664555549622,1.78366601467133,0,0,0,50,1269290893,367203722,95.3605728149414,37.6160011291504
46.9082298278809,47.1338195800781,45.3256874084473,0.0399999991059303,0.0333333350718021,0.0333333350718021,0.0370370373129845,0.0053475936874747,0.0053475936874747,28.7150077819824,75.6220092773438,75.9671859741211,0.384422987699509,1.38664555549622,1.78366601467133,0,0,0,50,603409927,367203725,113.87979888916,66.7259979248047
48.8223190307617,47.9541435241699,45.7563552856445,0.10416666418314,0.16666667163372,0.16666667163372,0.171875,0.170370370149612,0.170370370149612,28.7150077819824,75.6220092773438,75.9671859741211,0.384422987699509,1.38664555549622,1.78366601467133,0,0,0,50,172374310,367203744,110.533889770508,76.0619964599609
49.082088470459,49.1846313476562,47.0962219238281,0.459459453821182,0.408450692892075,0.408450692892075,-0.009345794096589,0.0384615398943424,0.0384615398943424,28.7150077819824,75.6220092773438,75.9671859741211,0.384422987699509,1.38664555549622,1.78366601467133,0,0,0,50,313584733,367203746,99.6091384887695,59.9160003662109
49.006893157959,48.0737724304199,46.1255035400391,0.0625,0.0285714287310839,0.0285714287310839,0.0620689652860165,0.0335570462048054,0.0335570462048054,28.7150077819824,75.6220092773438,75.9671859741211,0.384422987699509,1.38664555549622,1.78366601467133,0,0,0,50,172891913,367203749,101.083396911621,46.2849998474121
46.2690582275391,45.6538162231445,45.7016677856445,0.616666674613953,0.508474588394165,0.508474588394165,-0.19753086566925,-0.1194968521595,-0.1194968521595,28.7150077819824,75.6220092773438,75.9671859741211,0.384422987699509,1.38664555549622,1.78366601467133,0,0,0,50,231000418,367203752,102.325347900391,84.504997253418
45.7461013793945,44.5566329956055,42.7074813842773,0.436893194913864,0.440860211849213,0.440860211849213,-0.0571428574621677,0.028985507786274,0.028985507786274,28.7150077819824,75.6220092773438,75.9671859741211,0.384422987699509,1.38664555549622,1.78366601467133,0,0,0,50,22867000,367203757,95.8923034667969,91.2639999389648
47.1338195800781,46.0605583190918,42.6767196655273,0.0370370373129845,0.0155440410599113,0.0155440410599113,0.043902438133955,0.0531400963664055,0.0531400963664055,26.5467872619629,77.2574996948242,76.964111328125,0.384422987699509,1.38664555549622,1.78366601467133,0,0,0,50,681356228,367203759,63.8992881774902,51.5069999694824
48.0498466491699,47.4038429260254,45.7973709106445,0.068322978913784,0.0909090936183929,0.0909090936183929,-0.0487804859876633,-0.106382980942726,-0.106382980942726,28.7150077819824,75.6220092773438,75.9671859741211,0.471695959568024,1.37953507900238,1.87806677818298,0,0,0,50,1198941857,367203766,92.8515625,71.0660018920898
46.3237457275391,45.5068397521973,42.7997703552246,0.182795703411102,0.171717166900635,0.171717166900635,0.140625,0.114503815770149,0.114503815770149,26.5467872619629,77.2574996948242,76.964111328125,0.384422987699509,1.38664555549622,1.78366601467133,0,0,0,50,602006403,367203768,103.182731628418,50.8740005493164
50.1724395751953,49.4956703186035,47.9131278991699,0.0058479532599449,0.0534351132810116,0.0534351132810116,0.0601092912256718,0.12101911008358,0.12101911008358,28.7150077819824,75.6220092773438,75.9671859741211,0.390679448843002,1.3548389673233,1.80588376522064,0,0,0,50,424727395,367203771,107.363082885742,66.1500015258789
49.8579788208008,49.6734085083008,47.0859642028809,0.127272725105286,0.0405405387282372,0.0405405387282372,0.114285714924335,0.0253164563328028,0.0253164563328028,28.7150077819824,75.6220092773438,75.9671859741211,0.384422987699509,1.38664555549622,1.78366601467133,0,0,0,50,326728727,367203776,81.4008407592773,54.8860015869141
51.9874076843262,51.2935485839844,50.1724395751953,0.144827589392662,0.132867127656937,0.132867127656937,0.0928961783647537,0.0689655169844627,0.0689655169844627,28.7150077819824,75.6220092773438,75.9671859741211,0.384422987699509,1.38664555549622,1.78366601467133,0,0,0,50,173151450,367203777,101.584266662598,50.0769996643066
45.6948318481445,45.8007888793945,43.8217582702637,0.125925928354263,0.0921052619814873,0.0921052619814873,0.0318471342325211,0.0177514795213938,0.0177514795213938,26.5467872619629,77.2574996948242,76.964111328125,0.384422987699509,1.38664555549622,1.78366601467133,0,0,0,50,167972845,367203779,43.9198799133301,34.9939994812012
49.998119354248,48.8633346557617,45.8486442565918,0.0909090936183929,0.0731707289814949,0.0731707289814949,0.0909090936183929,0.0503597110509872,0.0503597110509872,28.7150077819824,75.6220092773438,75.9671859741211,0.470444619655609,1.41567468643188,1.87627375125885,0,0,0,50,438118147,367203802,96.8467102050781,53.6030006408691
48.6172370910645,47.5542335510254,46.4228706359863,0.0882352963089943,0.0750000029802322,0.0750000029802322,0.0573248416185379,-0.0058479532599449,-0.0058479532599449,26.5467872619629,77.2574996948242,76.964111328125,0.384422987699509,1.38664555549622,1.78366601467133,0,0,0,50,172610561,367203803,96.7587203979492,48.3540000915527
49.2256469726562,47.5884132385254,45.6982498168945,0.0973451361060143,0.042735043913126,0.042735043913126,0.132867127656937,0.146853148937225,0.146853148937225,26.5467872619629,77.2574996948242,76.964111328125,0.384422987699509,1.38664555549622,1.78366601467133,0,0,0,50,326856779,367203807,95.8699951171875,52.3489990234375
51.1841735839844,49.8819046020508,47.9780693054199,0.267605632543564,0.322033911943436,0.322033911943436,0.0816326513886452,0.133333340287209,0.133333340287209,28.7150077819824,75.6220092773438,75.9671859741211,0.384422987699509,1.38664555549622,1.78366601467133,0,0,0,50,84643518,367203814,84.4033126831055,44.0810012817383
46.9663352966309,46.4809761047363,44.3412971496582,0.095238097012043,0.120689652860165,0.120689652860165,0.0799999982118607,0.0647481977939606,0.0647481977939606,28.7150077819824,75.6220092773438,75.9671859741211,0.384422987699509,1.38664555549622,1.78366601467133,0,0,0,50,172610572,367203821,102.407669067383,28.2740001678467
49.4204750061035,48.2617645263672,45.10009765625,0.0476190485060215,0.0142857143655419,0.0142857143655419,0.0609756112098694,0.0955414026975632,0.0955414026975632,28.7150077819824,75.6220092773438,75.9671859741211,0.384422987699509,1.38664555549622,1.78366601467133,0,0,0,50,22867000,367203825,105.241065979004,45.5730018615723
51.3448181152344,52.2027435302734,49.003475189209,0.0517241396009922,0.128712877631187,0.128712877631187,0.0240000002086163,0.0172413792461157,0.0172413792461157,28.7150077819824,75.6220092773438,75.9671859741211,0.384422987699509,1.38664555549622,1.78366601467133,0,0,0,50,84643518,367203833,90.989990234375,70.9869995117188
45.8999137878418,50.3535919189453,46.0263786315918,0.46000000834465,0.245614036917686,0.245614036917686,-0.0209790207445621,0.0955414026975632,0.0955414026975632,26.5467872619629,77.2574996948242,76.964111328125,0.384422987699509,1.38664555549622,1.78366601467133,0,0,0,50,172613398,367203837,104.199440002441,48.359001159668
46.2041168212891,47.4346046447754,44.0849456787109,0.225352108478546,0.263157904148102,0.263157904148102,-0.0419161692261696,-0.0370370373129845,-0.0370370373129845,28.7150077819824,75.6220092773438,75.9671859741211,0.384422987699509,1.38664555549622,1.78366601467133,0,1,1,50,1307403138,367203858,110.388885498047,48.398998260498
48.928279876709,49.5503578186035,46.7954330444336,0.0791366919875145,0.0571428574621677,0.0571428574621677,0.068322978913784,0.0632911399006844,0.0632911399006844,26.5467872619629,77.2574996948242,76.964111328125,0.384422987699509,1.38664555549622,1.78366601467133,0,0,0,50,326728727,367203861,100.297286987305,42.5270004272461
48.0635185241699,46.5356636047363,43.8832817077637,0.0441176481544971,0.133858263492584,0.133858263492584,0.10691823810339,0.105590060353279,0.105590060353279,28.7150077819824,75.6220092773438,75.9671859741211,0.384422987699509,1.38664555549622,1.78366601467133,0,0,0,50,1310127469,367203874,106.352066040039,59.4809989929199
48.2617645263672,46.4707221984863,44.5839767456055,0.0445859879255295,0.0604026839137077,0.0604026839137077,0.0520231202244759,0.0538922138512135,0.0538922138512135,26.5467872619629,77.2574996948242,76.964111328125,0.470444619655609,1.41567468643188,1.87627375125885,0,0,0,50,438118147,367203879,92.1399383544922,62.6059989929199
50.1587677001953,49.1914672851562,46.1118316650391,0.0602409653365612,0.0843373462557793,0.0843373462557793,0.0736842080950737,0.196428567171097,0.196428567171097,28.7150077819824,75.6220092773438,75.9671859741211,0.384422987699509,1.38664555549622,1.78366601467133,0,0,0,50,22867000,367203880,103.597702026367,56.5929985046387
48.5283699035645,49.123104095459,46.9526634216309,0.510638296604156,0.333333343267441,0.333333343267441,-0.0518518500030041,0.0413223132491112,0.0413223132491112,26.5467872619629,77.2574996948242,76.964111328125,0.384422987699509,1.38664555549622,1.78366601467133,0,0,0,50,37576478,367203881,110.082740783691,57.9440002441406
53.860481262207,52.3018646240234,48.938533782959,0.0574712641537189,0.0666666701436043,0.0666666701436043,0.15596330165863,0.150442481040955,0.150442481040955,28.7150077819824,75.6220092773438,75.9671859741211,0.384422987699509,1.38664555549622,1.78366601467133,0,0,0,50,680846955,367203884,111.571998596191,54.6769981384277
46.8945579528809,47.8516006469727,45.6538162231445,0.0,0.0256410259753466,0.0256410259753466,0.0167597774416208,-0.0810810774564743,-0.0810810774564743,26.5467872619629,77.2574996948242,76.964111328125,0.384422987699509,1.38664555549622,1.78366601467133,0,0,0,50,1191971689,367203885,64.0993576049805,49.7379989624023
47.1919250488281,47.8345108032227,45.5444374084473,0.043902438133955,0.0283018872141838,0.0283018872141838,-0.0388349518179893,-0.0331753566861153,-0.0331753566861153,28.7150077819824,75.6220092773438,75.9671859741211,0.384422987699509,1.38664555549622,1.78366601467133,0,0,0,50,173147320,367203896,101.945510864258,37.7459983825684
47.9302177429199,47.5371437072754,45.8042068481445,0.293103456497192,0.428571432828903,0.428571432828903,0.0066225165501236,-0.0457516349852085,-0.0457516349852085,28.7150077819824,75.6220092773438,75.9671859741211,0.470444619655609,1.41567468643188,1.87627375125885,0,0,0,50,172608773,367203922,89.2810745239258,58.5709991455078
49.977611541748,52.3770599365234,52.0181694030762,0.160714283585548,0.196850389242172,0.196850389242172,0.20245398581028,0.155555561184883,0.155555561184883,28.7150077819824,75.6220092773438,75.9671859741211,0.390679448843002,1.3548389673233,1.80588376522064,0,0,0,50,22867000,367240743,104.028305053711,78.2149963378906
46.9629173278809,45.0214805603027,42.6596298217773,0.0994152054190636,0.0797545984387398,0.0797545984387398,0.0358974374830723,0.0833333358168602,0.0833333358168602,28.7150077819824,75.6220092773438,75.9671859741211,0.470444619655609,1.41567468643188,1.87627375125885,0,0,0,50,681356190,367240744,112.314376831055,60.7750015258789
47.2158508300781,46.2622222900391,42.7382431030273,0.0365853644907475,0.061224490404129,0.061224490404129,-0.0119047621265054,-0.0890052393078804,-0.0890052393078804,26.5467872619629,77.2574996948242,76.964111328125,0.384422987699509,1.38664555549622,1.78366601467133,0,0,0,10,1269290893,367240746,62.9067306518555,39.6959991455078
48.2856903076172,47.3320617675781,44.1054534912109,0.111111111938953,0.0676691755652428,0.0676691755652428,0.0131578948348761,0.0469798669219017,0.0469798669219017,28.7150077819824,75.6220092773438,75.9671859741211,0.384422987699509,1.38664555549622,1.78366601467133,0,0,0,50,169444396,367240747,95.746826171875,39.6110000610352
48.5283699035645,47.1509094238281,44.4540901184082,0.0238095242530107,0.0318471342325211,0.0318471342325211,0.0114942528307438,0.0526315793395042,0.0526315793395042,26.5467872619629,77.2574996948242,76.964111328125,0.384422987699509,1.38664555549622,1.78366601467133,0,0,0,50,172619485,367240748,97.169189453125,37.9720001220703
47.4004249572754,52.0762748718262,48.0908622741699,0.114093959331512,0.121621623635292,0.121621623635292,0.1216931194067,0.0928961783647537,0.0928961783647537,28.7150077819824,75.6220092773438,75.9671859741211,0.390679448843002,1.3548389673233,1.80588376522064,0,0,0,50,30392806,367240749,94.1494979858398,46.4210014343262
48.2686004638672,47.4961280822754,45.0522422790527,0.462365597486496,0.373737365007401,0.373737365007401,-0.0793650820851326,-0.0461538471281528,-0.0461538471281528,26.5467872619629,77.2574996948242,76.964111328125,0.384422987699509,1.38664555549622,1.78366601467133,0,0,0,50,172608773,367240750,107.409759521484,49.9640007019043
51.0201072692871,52.2437591552734,49.6597366333008,0.168831169605255,0.117647059261799,0.117647059261799,0.108910888433456,0.173913046717644,0.173913046717644,28.7150077819824,75.6220092773438,75.9671859741211,0.384422987699509,1.38664555549622,1.78366601467133,0,0,0,50,22867000,367240751,106.303787231445,42.5950012207031
51.1021385192871,49.7212600708008,46.5014839172363,0.0736842080950737,0.129411771893501,0.129411771893501,0.184000000357628,0.225806444883347,0.225806444883347,26.5467872619629,77.2574996948242,76.964111328125,0.384422987699509,1.38664555549622,1.78366601467133,0,0,0,50,22867000,367240752,100.95093536377,70.3649978637695
48.7266159057617,50.5757637023926,48.4087409973145,0.262295067310333,0.21875,0.21875,0.0887573957443237,0.0658682659268379,0.0658682659268379,28.7150077819824,75.6220092773438,75.9671859741211,0.384422987699509,1.38664555549622,1.78366601467133,0,0,0,50,602056582,367240753,102.388702392578,68.3759994506836
47.3491516113281,46.8364486694336,44.0405082702637,0.0948905125260353,0.0866141766309738,0.0866141766309738,0.0909090936183929,0.153374239802361,0.153374239802361,26.5467872619629,77.2574996948242,76.964111328125,0.384422987699509,1.38664555549622,1.78366601467133,1,1,1,10,326864099,367240754,92.6371612548828,45.9690017700195
47.3047180175781,46.9697532653809,44.1567230224609,0.0566037744283676,0.0,0.0,0.138461545109749,0.114942528307438,0.114942528307438,28.7150077819824,75.6220092773438,75.9671859741211,0.384422987699509,1.38664555549622,1.78366601467133,0,0,0,50,323237656,367240755,109.370956420898,49.2350006103516
48.3711433410645,46.6894760131836,44.5053596496582,0.0175438597798347,0.0392156876623631,0.0392156876623631,-0.0403587445616722,0.0,0.0,26.5467872619629,77.2574996948242,76.964111328125,0.384422987699509,1.38664555549622,1.78366601467133,0,0,0,50,1298514462,367240756,93.5528869628906,39.0740013122559
48.2788543701172,47.6841201782227,45.5102577209473,0.0489510484039783,0.0061349691823124,0.0061349691823124,0.0196078438311815,-0.0789473652839661,-0.0789473652839661,28.7150077819824,75.6220092773438,75.9671859741211,0.470444619655609,1.41567468643188,1.87627375125885,0,0,0,50,326728727,367240757,6.85735893249512,37.5989990234375
47.4722023010254,46.4809761047363,43.2919654846191,0.384615391492844,0.582417607307434,0.582417607307434,-0.0693069323897362,-0.220338985323906,-0.220338985323906,28.7150077819824,75.6220092773438,75.9671859741211,0.470444619655609,1.41567468643188,1.87627375125885,0,0,0,50,438118147,367240758,85.9685745239258,44.8269996643066
48.7676315307617,48.3779792785645,45.7461013793945,0.30158731341362,0.315315306186676,0.315315306186676,-0.0314465425908566,-0.0068965516984462,-0.0068965516984462,26.5467872619629,77.2574996948242,76.964111328125,0.384422987699509,1.38664555549622,1.78366601467133,0,0,0,50,22867000,367240759,92.6529693603516,33.1059989929199
48.3950691223145,48.979549407959,45.7187576293945,0.152173906564713,0.129411771893501,0.129411771893501,0.070175439119339,0.0679611638188362,0.0679611638188362,28.7150077819824,75.6220092773438,75.9671859741211,0.384422987699509,1.38664555549622,1.78366601467133,0,0,0,50,178823746,367240760,107.955337524414,41.673999786377
52.6880989074707,51.1465721130371,49.2017211914062,0.0461538471281528,0.111111111938953,0.111111111938953,0.139240503311157,0.0909090936183929,0.0909090936183929,28.7150077819824,75.6220092773438,75.9671859741211,0.384422987699509,1.38664555549622,1.78366601467133,0,0,0,50,172891914,367240761,101.573089599609,66.8050003051758
47.5166358947754,47.0449485778809,44.3036994934082,0.55932205915451,0.504000008106232,0.504000008106232,-0.171974524855614,-0.167701870203018,-0.167701870203018,26.5467872619629,77.2574996948242,76.964111328125,0.384422987699509,1.38664555549622,1.78366601467133,0,0,0,50,22867000,367240764,97.1105575561523,43.7140007019043
47.2807922363281,46.7407455444336,44.0883636474609,0.0279329605400562,0.112299464643002,0.112299464643002,-0.0109890112653375,-0.0833333358168602,-0.0833333358168602,26.5467872619629,77.2574996948242,76.964111328125,0.384422987699509,1.38664555549622,1.78366601467133,0,0,0,50,22867000,367240765,101.973075866699,52.2809982299805
47.6089248657227,47.8516006469727,45.4589881896973,0.0693069323897362,0.0526315793395042,0.0526315793395042,0.0924369767308235,0.0476190485060215,0.0476190485060215,28.7150077819824,75.6220092773438,75.9671859741211,0.470444619655609,1.41567468643188,1.87627375125885,0,0,0,50,734643258,367240768,88.3309326171875,48.5060005187988
46.2417144775391,45.2197265625,42.2904853820801,0.038674034178257,0.0279329605400562,0.0279329605400562,0.0456852801144123,0.0466321259737015,0.0466321259737015,28.7150077819824,75.6220092773438,75.9671859741211,0.470444619655609,1.41567468643188,1.87627375125885,0,0,0,50,1272727460,367240771,92.4380874633789,33.2529983520508
45.3256874084473,44.2968597412109,41.7196731567383,0.0380952395498753,-0.0142180090770125,-0.0142180090770125,0.0180180184543133,0.0234741792082787,0.0234741792082787,26.5467872619629,77.2574996948242,76.964111328125,0.384422987699509,1.38664555549622,1.78366601467133,0,0,0,50,603413682,367240773,95.4008026123047,39.3170013427734
49.3657836914062,47.7456436157227,44.8642539978027,0.0757575780153275,0.0687022879719734,0.0687022879719734,0.0596026480197906,0.0967741906642914,0.0967741906642914,28.7150077819824,75.6220092773438,75.9671859741211,0.390679448843002,1.3548389673233,1.80588376522064,0,0,0,50,761391164,367240774,107.63557434082,63.2389984130859
48.4531745910645,49.6392250061035,46.3032379150391,0.207547172904015,0.15887850522995,0.15887850522995,0.0153846153989434,0.060606062412262,0.060606062412262,28.7150077819824,75.6220092773438,75.9671859741211,0.390679448843002,1.3548389673233,1.80588376522064,0,0,0,50,22867000,367240775,97.8935317993164,59.984001159668
47.0381126403809,46.7099838256836,44.9497032165527,0.0833333358168602,0.09375,0.09375,0.0298507455736399,-0.014492753893137,-0.014492753893137,28.7150077819824,75.6220092773438,75.9671859741211,0.384422987699509,1.38664555549622,1.78366601467133,1,1,1,40,172637629,367240776,67.2970886230469,41.2050018310547
47.6533584594727,47.6601943969727,45.26416015625,0.401709407567978,0.395348846912384,0.395348846912384,-0.0512820519506931,-0.111111111938953,-0.111111111938953,28.7150077819824,75.6220092773438,75.9671859741211,0.384422987699509,1.38664555549622,1.78366601467133,0,0,0,50,22867000,367240784,101.316047668457,56.0789985656738
49.3486938476562,47.8140029907227,45.22998046875,0.0461538471281528,0.0227272734045982,0.0227272734045982,0.128205135464668,-0.0169491525739431,-0.0169491525739431,26.5467872619629,77.2574996948242,76.964111328125,0.384422987699509,1.38664555549622,1.78366601467133,0,0,0,50,326728727,367240786,94.3863296508789,45.1660003662109
48.883846282959,47.7798233032227,46.9013938903809,0.460674166679382,0.52173912525177,0.52173912525177,-0.0655737668275833,-0.102362208068371,-0.102362208068371,28.7150077819824,75.6220092773438,75.9671859741211,0.384422987699509,1.38664555549622,1.78366601467133,0,0,0,50,84643518,367240790,92.0255737304688,51.7949981689453
47.9609794616699,47.7114639282227,45.1923828125,0.104651160538197,0.0750000029802322,0.0750000029802322,-0.0382513664662838,0.0057803466916084,0.0057803466916084,28.7150077819824,75.6220092773438,75.9671859741211,0.384422987699509,1.38664555549622,1.78366601467133,0,1,1,50,22867000,367240791,99.705436706543,38.4129981994629
50.2100372314453,49.8374710083008,47.4927101135254,0.132743358612061,0.0569105707108974,0.0569105707108974,0.0724637657403946,0.0510948896408081,0.0510948896408081,28.7150077819824,75.6220092773438,75.9671859741211,0.470444619655609,1.41567468643188,1.87627375125885,0,0,0,50,1057197463,367240793,81.4226760864258,54.1629981994629
44.6489181518555,46.0400505065918,44.2524261474609,0.509803950786591,0.529411792755127,0.529411792755127,-0.0198675505816936,-0.0643274858593941,-0.0643274858593941,26.5467872619629,77.2574996948242,76.964111328125,0.384422987699509,1.38664555549622,1.78366601467133,0,1,1,50,231000418,367240794,82.6453247070312,47.9129981994629
51.1465721130371,52.1002006530762,49.2461547851562,0.125,0.116883113980293,0.116883113980293,0.15887850522995,0.165048539638519,0.165048539638519,26.5467872619629,77.2574996948242,76.964111328125,0.384422987699509,1.38664555549622,1.78366601467133,0,0,0,50,22867000,367240795,100.882278442383,43.8380012512207
47.9746513366699,48.0737724304199,44.7446212768555,0.0895522385835648,0.0833333358168602,0.0833333358168602,0.0331125818192959,0.103448279201984,0.103448279201984,26.5467872619629,77.2574996948242,76.964111328125,0.384422987699509,1.38664555549622,1.78366601467133,0,0,0,50,1189325187,367240797,106.082908630371,46.4939994812012
51.6490211486816,51.5088844299316,50.2373809814453,0.006451612804085,0.0,0.0,0.200000002980232,0.159090906381607,0.159090906381607,28.7150077819824,75.6220092773438,75.9671859741211,0.470444619655609,1.41567468643188,1.87627375125885,0,0,0,50,84643518,367240800,91.8726043701172,38.2770004272461
47.0005149841309,47.5576515197754,44.1327972412109,0.126984134316444,0.200000002980232,0.200000002980232,0.034013606607914,0.0061349691823124,0.0061349691823124,28.7150077819824,75.6220092773438,75.9671859741211,0.384422987699509,1.38664555549622,1.78366601467133,0,0,0,50,734643258,367240801,109.069770812988,77.5199966430664
45.7461013793945,46.5869331359863,43.8388481140137,0.0579710155725479,0.100000001490116,0.100000001490116,0.109756097197533,0.102040819823742,0.102040819823742,26.5467872619629,77.2574996948242,76.964111328125,0.384422987699509,1.38664555549622,1.78366601467133,0,0,0,50,1392271544,367240803,98.3740005493164,34.015998840332
47.3457336425781,46.7646713256836,44.0746917724609,0.0202020201832056,0.0362694300711155,0.0362694300711155,-0.0202020201832056,-0.0204081628471613,-0.0204081628471613,28.7150077819824,75.6220092773438,75.9671859741211,0.470444619655609,1.41567468643188,1.87627375125885,0,0,0,50,438118147,367240804,100.577590942383,49.3310012817383
48.2207489013672,46.9150657653809,44.8915977478027,0.0535714291036129,0.0344827584922314,0.0344827584922314,0.163120567798615,0.142857149243355,0.142857149243355,28.7150077819824,75.6220092773438,75.9671859741211,0.384422987699509,1.38664555549622,1.78366601467133,0,0,0,50,326862765,367240806,103.841949462891,33.2190017700195
47.1919250488281,46.0776481628418,46.2485504150391,0.0620689652860165,0.0526315793395042,0.0526315793395042,0.0666666701436043,0.0419161692261696,0.0419161692261696,26.5467872619629,77.2574996948242,76.964111328125,0.384422987699509,1.38664555549622,1.78366601467133,0,0,0,50,424727329,367240811,97.9652938842773,44.9230003356934
48.4873542785645,49.044490814209,46.5014839172363,0.126213595271111,0.150943398475647,0.150943398475647,0.0793650820851326,0.0827067643404007,0.0827067643404007,26.5467872619629,77.2574996948242,76.964111328125,0.384422987699509,1.38664555549622,1.78366601467133,1,1,1,50,37576478,367240812,98.06982421875,40.6790008544922
49.3692016601562,48.5762214660645,47.2090148925781,0.0736842080950737,0.106382980942726,0.106382980942726,0.142857149243355,0.111111111938953,0.111111111938953,26.5467872619629,77.2574996948242,76.964111328125,0.384422987699509,1.38664555549622,1.78366601467133,0,0,0,50,169430997,367240815,94.5181427001953,46.2569999694824
48.924861907959,47.6362686157227,45.103515625,0.04294478520751,0.0909090936183929,0.0909090936183929,0.0229885056614876,-0.0746268630027771,-0.0746268630027771,28.7150077819824,75.6220092773438,75.9671859741211,0.390679448843002,1.3548389673233,1.80588376522064,0,0,0,60,1267303805,367240819,103.557090759277,51.314998626709
48.6343307495117,48.4531745910645,45.5512733459473,0.184000000357628,0.252173900604248,0.252173900604248,0.0326797403395176,0.0068965516984462,0.0068965516984462,26.5467872619629,77.2574996948242,76.964111328125,0.384422987699509,1.38664555549622,1.78366601467133,0,0,0,50,172614817,367240821,95.1189346313477,39.6389999389648
47.9473075866699,47.6772842407227,44.5839767456055,0.0101010100916028,-0.0091743115335702,-0.0091743115335702,-0.0101010100916028,-0.0334928222000599,-0.0334928222000599,28.7150077819824,75.6220092773438,75.9671859741211,0.384422987699509,1.38664555549622,1.78366601467133,0,0,0,50,681356141,367240824,96.3320770263672,39.6619987487793
47.5097999572754,47.3662452697754,44.5976486206055,0.318181812763214,0.237113401293755,0.237113401293755,0.0569105707108974,0.0769230797886848,0.0769230797886848,28.7150077819824,75.6220092773438,75.9671859741211,0.384422987699509,1.38664555549622,1.78366601467133,0,0,0,50,438118147,367240825,92.3789825439453,57.068000793457
50.001537322998,49.946849822998,47.4653663635254,0.0535714291036129,0.0796460211277008,0.0796460211277008,0.078125,0.0827067643404007,0.0827067643404007,26.5467872619629,77.2574996948242,76.964111328125,0.384422987699509,1.38664555549622,1.78366601467133,0,0,0,20,84638900,367240827,88.6360931396484,47.0029983520508
48.993221282959,47.4106788635254,45.103515625,0.0542635656893253,0.0259740259498358,0.0259740259498358,0.139240503311157,0.0538922138512135,0.0538922138512135,28.7150077819824,75.6220092773438,75.9671859741211,0.384422987699509,1.38664555549622,1.78366601467133,0,0,0,50,169444394,367240835,106.429618835449,27.0590000152588
47.6738662719727,47.3081359863281,45.6640701293945,0.107438012957573,0.0476190485060215,0.0476190485060215,0.0884353742003441,0.0833333358168602,0.0833333358168602,26.5467872619629,77.2574996948242,76.964111328125,0.384422987699509,1.38664555549622,1.78366601467133,0,0,0,50,1222196752,367240836,93.7771301269531,52.4280014038086
48.6069831848145,46.5424995422363,44.7993087768555,0.0235294122248888,0.0588235296308994,0.0588235296308994,0.0594594590365887,0.127272725105286,0.127272725105286,26.5467872619629,77.2574996948242,76.964111328125,0.384422987699509,1.38664555549622,1.78366601467133,0,0,0,50,172608767,367240837,103.826156616211,35.7680015563965
50.2032012939453,49.5640296936035,47.4380226135254,0.0654205605387688,0.061224490404129,0.061224490404129,0.136363640427589,0.133333340287209,0.133333340287209,28.7150077819824,75.6220092773438,75.9671859741211,0.384422987699509,1.38664555549622,1.78366601467133,0,0,0,50,424727395,367240839,104.773277282715,51.9309997558594
51.8096694946289,51.3106384277344,47.1133117675781,0.0743801668286324,0.0796460211277008,0.0796460211277008,0.0151515156030655,0.0393700785934925,0.0393700785934925,26.5467872619629,77.2574996948242,76.964111328125,0.470444619655609,1.41567468643188,1.87627375125885,0,0,0,50,30392806,367240841,98.2017288208008,41.7980003356934
46.0229606628418,48.6274948120117,44.6010665893555,0.140186920762062,0.15596330165863,0.15596330165863,0.158620685338974,0.136986300349236,0.136986300349236,28.7150077819824,75.6220092773438,75.9671859741211,0.384422987699509,1.38664555549622,1.78366601467133,0,0,0,50,172606029,367240843,104.228302001953,23.1200008392334
47.9814872741699,46.5835151672363,43.9140434265137,0.191919192671776,0.393939405679703,0.393939405679703,0.0166666675359011,-0.0375939831137657,-0.0375939831137657,28.7150077819824,75.6220092773438,75.9671859741211,0.470444619655609,1.41567468643188,1.87627375125885,0,0,0,50,172617914,367240846,88.8074417114258,47.7430000305176
48.3540496826172,47.4653663635254,46.2998199462891,0.0731707289814949,0.0708661451935768,0.0708661451935768,0.142857149243355,0.111111111938953,0.111111111938953,28.7150077819824,75.6220092773438,75.9671859741211,0.470444619655609,1.41567468643188,1.87627375125885,0,0,0,50,172610561,367240847,83.1030197143555,55.298999786377
48.3267059326172,47.4551124572754,46.7715072631836,0.333333343267441,0.460674166679382,0.460674166679382,0.0476190485060215,-0.0077519379556179,-0.0077519379556179,26.5467872619629,77.2574996948242,76.964111328125,0.384422987699509,1.38664555549622,1.78366601467133,0,0,0,40,326728727,367240849,83.6285552978516,39.6790008544922
46.1494293212891,45.4521522521973,43.2543640136719,0.194968551397324,0.163120567798615,0.163120567798615,-0.0919540226459503,-0.0512820519506931,-0.0512820519506931,26.5467872619629,77.2574996948242,76.964111328125,0.384422987699509,1.38664555549622,1.78366601467133,0,0,0,50,1090476517,367240854,102.821830749512,45.0190010070801
50.8389511108398,50.7295761108398,49.2461547851562,0.220338985323906,0.322834640741348,0.322834640741348,0.088607594370842,-0.005988024175167,-0.005988024175167,26.5467872619629,77.2574996948242,76.964111328125,0.384422987699509,1.38664555549622,1.78366601467133,0,0,0,10,22867000,367240857,57.7982864379883,31.8120002746582
47.1269836425781,45.6777420043945,42.9945945739746,0.0882352963089943,0.0555555559694767,0.0555555559694767,0.108433738350868,0.0898203626275063,0.0898203626275063,28.7150077819824,75.6220092773438,75.9671859741211,0.390679448843002,1.3548389673233,1.80588376522064,0,0,0,50,602010127,367240858,63.7075309753418,46.4659996032715
49.3350219726562,47.9883232116699,44.8266563415527,0.0508474558591843,0.0892857164144516,0.0892857164144516,0.101449273526669,0.115942031145096,0.115942031145096,28.7150077819824,75.6220092773438,75.9671859741211,0.470444619655609,1.41567468643188,1.87627375125885,0,0,0,50,169444396,367240862,102.435119628906,74.2590026855469
47.6567764282227,46.6621322631836,44.8300743103027,0.0963855385780334,0.0645161271095276,0.0645161271095276,0.016216216608882,-0.0206185560673475,-0.0206185560673475,28.7150077819824,75.6220092773438,75.9671859741211,0.470444619655609,1.41567468643188,1.87627375125885,0,0,0,50,326862770,367240864,92.2679290771484,62.109001159668
50.6543769836426,49.3760375976562,47.4038429260254,0.173076927661896,0.242105260491371,0.242105260491371,0.046875,0.0166666675359011,0.0166666675359011,28.7150077819824,75.6220092773438,75.9671859741211,0.384422987699509,1.38664555549622,1.78366601467133,0,0,0,50,37576971,367240866,104.868438720703,47.064998626709
46.9594993591309,45.8554801940918,43.0014305114746,0.0502793304622173,0.0053475936874747,0.0053475936874747,0.0408163256943226,0.0646766200661659,0.0646766200661659,26.5467872619629,77.2574996948242,76.964111328125,0.384422987699509,1.38664555549622,1.78366601467133,1,1,1,50,761391164,367240867,70.8283920288086,39.0460014343262
47.3457336425781,47.0415306091309,45.0625,0.148936167359352,0.174193546175957,0.174193546175957,0.169230774044991,0.0215053763240576,0.0215053763240576,28.7150077819824,75.6220092773438,75.9671859741211,0.384422987699509,1.38664555549622,1.78366601467133,0,0,0,50,231000418,367240869,91.5378799438477,50.7099990844727
46.7134017944336,46.5835151672363,44.3925666809082,0.0314465425908566,0.0434782616794109,0.0434782616794109,0.0120481923222542,0.0117647061124444,0.0117647061124444,28.7150077819824,75.6220092773438,75.9671859741211,0.384422987699509,1.38664555549622,1.78366601467133,0,0,0,50,172637629,367240871,114.349945068359,35.4739990234375
49.5571937561035,49.7691116333008,47.0928001403809,0.0067114094272255,0.0491803288459778,0.0491803288459778,0.0625,0.0857142880558968,0.0857142880558968,26.5467872619629,77.2574996948242,76.964111328125,0.384422987699509,1.38664555549622,1.78366601467133,0,0,0,50,326728727,367240876,100.659088134766,56.0449981689453
50.6577987670898,49.7622756958008,46.6484603881836,0.0804597735404968,0.130434781312943,0.130434781312943,0.168141588568687,0.0956521704792976,0.0956521704792976,28.7150077819824,75.6220092773438,75.9671859741211,0.384422987699509,1.38664555549622,1.78366601467133,0,0,0,50,438117642,367240878,94.8469543457031,32.9650001525879
47.6191787719727,46.6860580444336,43.9379692077637,0.022624434903264,0.0,0.0,-0.0134529145434499,-0.0742358043789864,-0.0742358043789864,26.5467872619629,77.2574996948242,76.964111328125,0.384422987699509,1.38664555549622,1.78366601467133,0,0,0,50,681358103,367240880,107.729057312012,51.9249992370605
53.1734580993652,51.6592750549316,49.950267791748,0.0833333358168602,0.0869565233588219,0.0869565233588219,0.126050427556038,0.137931033968925,0.137931033968925,28.7150077819824,75.6220092773438,75.9671859741211,0.470444619655609,1.41567468643188,1.87627375125885,0,0,0,50,172891913,367240881,87.0039596557617,45.2960014343262
51.1910095214844,50.1997833251953,47.7661514282227,-0.0055865920148789,0.0,0.0,0.0378378368914127,0.0109890112653375,0.0109890112653375,28.7150077819824,75.6220092773438,75.9671859741211,0.390679448843002,1.3548389673233,1.80588376522064,0,0,0,30,1201412996,367240884,101.133567810059,52.4000015258789
50.145092010498,48.7949752807617,46.4365425109863,0.159999996423721,0.354166656732559,0.354166656732559,0.0719999969005585,0.0,0.0,28.7150077819824,75.6220092773438,75.9671859741211,0.384422987699509,1.38664555549622,1.78366601467133,0,0,0,50,172631905,367240885,43.5164031982422,62.1139984130859
49.943431854248,49.3623657226562,45.5991287231445,0.0588235296308994,0.125,0.125,0.152941182255745,0.181818187236786,0.181818187236786,28.7150077819824,75.6220092773438,75.9671859741211,0.384422987699509,1.38664555549622,1.78366601467133,0,0,0,50,22867000,367240888,96.1547622680664,33.1910018920898
47.2021789550781,51.0953025817871,47.4653663635254,0.14728681743145,0.149606302380562,0.149606302380562,0.0864197537302971,0.0874999985098839,0.0874999985098839,28.7150077819824,75.6220092773438,75.9671859741211,0.384422987699509,1.38664555549622,1.78366601467133,0,0,0,50,368911787,367240890,92.3789825439453,51.7669982910156
49.8477249145508,49.1401977539062,46.8091049194336,0.233644858002663,0.207547172904015,0.207547172904015,0.0638297870755196,0.0791366919875145,0.0791366919875145,26.5467872619629,77.2574996948242,76.964111328125,0.470444619655609,1.41567468643188,1.87627375125885,0,0,0,50,1240685483,367240893,83.8481597900391,64.3239974975586
48.5215339660645,47.7319717407227,47.2705383300781,0.18260869383812,0.0802919715642929,0.0802919715642929,0.0422535203397274,0.0389610379934311,0.0389610379934311,28.7150077819824,75.6220092773438,75.9671859741211,0.470444619655609,1.41567468643188,1.87627375125885,0,0,0,50,172891914,367240894,91.7587509155273,55.8870010375977
48.4907722473145,48.6377487182617,45.240234375,0.25806450843811,0.264150947332382,0.264150947332382,0.025000000372529,0.0563380271196365,0.0563380271196365,28.7150077819824,75.6220092773438,75.9671859741211,0.384422987699509,1.38664555549622,1.78366601467133,0,0,0,50,231000418,367240895,109.909713745117,46.4150009155273
49.7998733520508,49.123104095459,46.2793121337891,0.0163934417068958,0.142857149243355,0.142857149243355,0.15068493783474,0.0769230797886848,0.0769230797886848,28.7150077819824,75.6220092773438,75.9671859741211,0.384422987699509,1.38664555549622,1.78366601467133,0,0,0,50,172931685,367240899,95.9541702270508,38.1980018615723
46.8227767944336,45.7802810668945,43.3739967346191,0.0188679248094559,0.0778443142771721,0.0778443142771721,0.0,0.0769230797886848,0.0769230797886848,28.7150077819824,75.6220092773438,75.9671859741211,0.384422987699509,1.38664555549622,1.78366601467133,0,0,0,50,326862765,367240900,112.157958984375,78.6110000610352
48.4873542785645,47.3457336425781,45.5752029418945,0.0604026839137077,0.0138888889923692,0.0138888889923692,0.0867052003741264,0.0931676998734474,0.0931676998734474,26.5467872619629,77.2574996948242,76.964111328125,0.384422987699509,1.38664555549622,1.78366601467133,0,0,0,10,326728727,367240904,71.6179962158203,34.2140007019043
47.3013000488281,46.9492454528809,44.7377853393555,0.0480769239366055,0.0431034490466118,0.0431034490466118,-0.13541667163372,-0.174757286906242,-0.174757286906242,28.7150077819824,75.6220092773438,75.9671859741211,0.384422987699509,1.38664555549622,1.78366601467133,0,0,0,50,22867000,367240906,111.035751342773,38.9949989318848
46.6108627319336,45.5410194396973,42.5434188842773,0.0576923079788685,0.123966939747334,0.123966939747334,0.140625,0.0489510484039783,0.0489510484039783,26.5467872619629,77.2574996948242,76.964111328125,0.384422987699509,1.38664555549622,1.78366601467133,0,0,0,50,1194276028,367240909,81.5676040649414,47.8110008239746
48.883846282959,49.4922523498535,45.7050857543945,0.0810810774564743,0.0707070678472519,0.0707070678472519,0.0697674453258514,0.070175439119339,0.070175439119339,28.7150077819824,75.6220092773438,75.9671859741211,0.384422987699509,1.38664555549622,1.78366601467133,0,0,0,50,1074702678,367240915,105.558403015137,69.1389999389648
48.6890182495117,47.1064758300781,45.30517578125,0.0519480518996716,0.0469798669219017,0.0469798669219017,0.0795454531908035,0.0982658937573433,0.0982658937573433,28.7150077819824,75.6220092773438,75.9671859741211,0.390679448843002,1.3548389673233,1.80588376522064,0,0,0,50,326728716,367240917,85.6729125976562,35.6380004882812
46.6587142944336,47.2807922363281,44.9975547790527,0.042735043913126,0.0731707289814949,0.0731707289814949,0.164383560419083,0.260504215955734,0.260504215955734,28.7150077819824,75.6220092773438,75.9671859741211,0.384422987699509,1.38664555549622,1.78366601467133,0,0,0,60,37576971,367240918,97.2858428955078,43.9570007324219
48.8223190307617,47.3013000488281,45.9990348815918,0.0375939831137657,0.0500000007450581,0.0500000007450581,0.148148149251938,0.0769230797886848,0.0769230797886848,28.7150077819824,75.6220092773438,75.9671859741211,0.384422987699509,1.38664555549622,1.78366601467133,0,0,0,50,1058576640,367240919,110.29761505127,39.5260009765625
48.0635185241699,47.2261047363281,44.0849456787109,0.0447761192917824,0.0196078438311815,0.0196078438311815,0.0909090936183929,0.04294478520751,0.04294478520751,26.5467872619629,77.2574996948242,76.964111328125,0.384422987699509,1.38664555549622,1.78366601467133,0,0,0,10,326864099,367240923,87.7795944213867,43.8440017700195
50.5108222961426,48.5728034973145,44.8779258728027,0.0961538478732109,0.254901975393295,0.254901975393295,0.123076923191547,0.0656934306025505,0.0656934306025505,28.7150077819824,75.6220092773438,75.9671859741211,0.390679448843002,1.3548389673233,1.80588376522064,0,0,0,50,326864099,367240925,36.116382598877,39.9160003662109
48.3574676513672,47.4619483947754,44.6591720581055,0.138211384415627,0.0924369767308235,0.0924369767308235,0.1194968521595,0.0972222238779068,0.0972222238779068,28.7150077819824,75.6220092773438,75.9671859741211,0.390679448843002,1.3548389673233,1.80588376522064,0,0,0,50,681356134,367240929,68.9524307250977,38.423999786377
49.2632446289062,48.7334518432617,46.3681831359863,0.0956521704792976,0.105263158679008,0.105263158679008,0.100000001490116,0.0869565233588219,0.0869565233588219,28.7150077819824,75.6220092773438,75.9671859741211,0.384422987699509,1.38664555549622,1.78366601467133,0,0,0,50,326728727,367240933,80.1333999633789,58.5089988708496
48.931697845459,48.0566825866699,45.7597732543945,0.153153151273727,0.095238097012043,0.095238097012043,0.0588235296308994,0.0212765950709581,0.0212765950709581,28.7150077819824,75.6220092773438,75.9671859741211,0.470444619655609,1.41567468643188,1.87627375125885,0,0,0,50,327574810,367240938,96.8467102050781,35.2820014953613
50.3296661376953,49.4273109436035,45.9614372253418,0.0588235296308994,0.136363640427589,0.136363640427589,0.107438012957573,0.137931033968925,0.137931033968925,28.7150077819824,75.6220092773438,75.9671859741211,0.471695959568024,1.37953507900238,1.87806677818298,0,0,0,50,172606031,367240943,112.254119873047,57.9099998474121
52.0831108093262,51.3995056152344,49.3384399414062,0.0857142880558968,0.028985507786274,0.028985507786274,-0.0201342273503542,0.0,0.0,28.7150077819824,75.6220092773438,75.9671859741211,0.384422987699509,1.38664555549622,1.78366601467133,0,0,0,40,173149617,367240950,69.6978149414062,56.773998260498
51.0166893005371,49.8340530395508,48.1455535888672,0.18095238506794,0.264150947332382,0.264150947332382,0.0461538471281528,0.0,0.0,26.5467872619629,77.2574996948242,76.964111328125,0.470444619655609,1.41567468643188,1.87627375125885,0,0,0,50,172891914,367240951,66.4429397583008,40.193000793457
42.4955635070801,40.239673614502,43.6303482055664,0.103448279201984,0.291666656732559,0.291666656732559,-0.0666666701436043,-0.0689655169844627,-0.0689655169844627,28.7150077819824,75.6220092773438,75.9671859741211,0.384422987699509,1.38664555549622,1.78366601467133,0,0,0,50,231000418,367240952,96.9848175048828,68.2460021972656
46.4331245422363,46.0058708190918,42.9057273864746,0.0059171598404645,0.029585799202323,0.029585799202323,0.11458333581686,0.0744680836796761,0.0744680836796761,28.7150077819824,75.6220092773438,75.9671859741211,0.390679448843002,1.3548389673233,1.80588376522064,0,0,0,50,173154856,367240953,85.195915222168,70.7269973754883
47.3662452697754,46.5322456359863,43.6200942993164,0.0167597774416208,0.0463576167821884,0.0463576167821884,0.0108695654198527,0.0595238097012043,0.0595238097012043,28.7150077819824,75.6220092773438,75.9671859741211,0.390679448843002,1.3548389673233,1.80588376522064,0,0,0,50,169446325,367240956,95.3909378051758,83.8040008544922
47.3320617675781,47.4585304260254,46.4707221984863,0.108910888433456,0.0825688093900681,0.0825688093900681,0.194244608283043,0.151079133152962,0.151079133152962,28.7150077819824,75.6220092773438,75.9671859741211,0.384422987699509,1.38664555549622,1.78366601467133,0,0,0,50,326728727,367240959,108.031677246094,51.1510009765625
48.4941902160645,49.7280960083008,47.3730812072754,0.0972222238779068,-0.0571428574621677,-0.0571428574621677,0.0813953503966331,0.0833333358168602,0.0833333358168602,26.5467872619629,77.2574996948242,76.964111328125,0.384422987699509,1.38664555549622,1.78366601467133,0,0,0,50,172606029,367240962,76.1000900268555,34.1629981994629
49.000057220459,48.1558074951172,46.2280426025391,0.070175439119339,0.0793650820851326,0.0793650820851326,0.0757575780153275,0.0489510484039783,0.0489510484039783,26.5467872619629,77.2574996948242,76.964111328125,0.384422987699509,1.38664555549622,1.78366601467133,0,0,0,50,172613399,367240966,95.4045791625977,56.8019981384277
47.6841201782227,48.3335418701172,45.5615272521973,0.308411210775375,0.302325576543808,0.302325576543808,0.0140845067799091,-0.0700636953115463,-0.0700636953115463,28.7150077819824,75.6220092773438,75.9671859741211,0.384422987699509,1.38664555549622,1.78366601467133,0,0,0,10,22867000,367240967,93.0785522460938,41.9679985046387
49.6802444458008,48.6787643432617,47.4106788635254,0.088607594370842,0.142857149243355,0.142857149243355,0.113402061164379,0.183673471212387,0.183673471212387,28.7150077819824,75.6220092773438,75.9671859741211,0.384422987699509,1.38664555549622,1.78366601467133,0,0,0,50,172891914,367240968,106.367767333984,58.8310012817383
47.5132179260254,47.1372375488281,44.7241134643555,0.472000002861023,0.327731102705002,0.327731102705002,-0.142857149243355,-0.0463576167821884,-0.0463576167821884,28.7150077819824,75.6220092773438,75.9671859741211,0.390679448843002,1.3548389673233,1.80588376522064,0,0,0,50,22867000,367240974,112.758033752441,66.2060012817383
47.6738662719727,46.4878120422363,43.9721488952637,0.0181818176060915,0.0493827164173126,0.0493827164173126,0.0232558138668537,0.0116279069334269,0.0116279069334269,28.7150077819824,75.6220092773438,75.9671859741211,0.384422987699509,1.38664555549622,1.78366601467133,0,0,0,50,1309015492,367240977,90.2586517333984,41.2949981689453
45.29150390625,47.3218078613281,44.9565391540527,0.50537633895874,0.670329689979553,0.670329689979553,-0.0294117648154497,-0.0482758618891239,-0.0482758618891239,28.7150077819824,75.6220092773438,75.9671859741211,0.470444619655609,1.41567468643188,1.87627375125885,0,0,0,50,438118147,367240979,96.9592056274414,37.6780014038086
47.3833351135254,48.8359909057617,46.4297065734863,0.125,0.189189195632935,0.189189195632935,0.0847457647323608,0.125827819108963,0.125827819108963,26.5467872619629,77.2574996948242,76.964111328125,0.384422987699509,1.38664555549622,1.78366601467133,0,0,0,50,22867000,367240981,98.7329559326172,48.4440002441406
48.6343307495117,49.068416595459,47.0278587341309,0.0264550261199474,0.0046948357485234,0.0046948357485234,0.0,-0.0646766200661659,-0.0646766200661659,28.7150077819824,75.6220092773438,75.9671859741211,0.384422987699509,1.38664555549622,1.78366601467133,0,1,1,80,172891915,367240983,12.2262687683105,23.5270004272461
47.6362686157227,46.4194526672363,43.6576919555664,0.112903222441673,0.118110239505768,0.118110239505768,0.0738255009055138,0.0657894760370255,0.0657894760370255,26.5467872619629,77.2574996948242,76.964111328125,0.384422987699509,1.38664555549622,1.78366601467133,0,0,0,50,22867000,367240984,107.970603942871,37.5200004577637
49.8682327270508,49.4273109436035,46.1015777587891,0.0315789468586445,0.136363640427589,0.136363640427589,0.117117114365101,0.122807018458843,0.122807018458843,28.7150077819824,75.6220092773438,75.9671859741211,0.384422987699509,1.38664555549622,1.78366601467133,0,0,0,50,104568399,367240985,108.448448181152,53.9199981689453
47.8994560241699,46.3442573547363,43.6884536743164,0.0879999995231628,0.078125,0.078125,0.0810810774564743,0.0482758618891239,0.0482758618891239,26.5467872619629,77.2574996948242,76.964111328125,0.470444619655609,1.41567468643188,1.87627375125885,0,0,0,40,169444394,367240993,88.6546325683594,50.7099990844727
47.0483665466309,46.2177886962891,44.8232383728027,0.0439560450613499,0.0322580635547638,0.0322580635547638,0.0155440410599113,0.0204081628471613,0.0204081628471613,28.7150077819824,75.6220092773438,75.9671859741211,0.384422987699509,1.38664555549622,1.78366601467133,0,0,0,50,173154856,367240994,113.231101989746,61.1139984130859
50.1690216064453,49.5264320373535,46.7544174194336,0.280701756477356,0.275862067937851,0.275862067937851,0.013513513840735,0.0,0.0,28.7150077819824,75.6220092773438,75.9671859741211,0.384422987699509,1.38664555549622,1.78366601467133,0,0,0,50,22867000,367240997,108.307106018066,42.3969993591309
49.7075881958008,49.5845375061035,47.0415306091309,0.0666666701436043,0.0123456791043282,0.0123456791043282,0.140939593315125,0.0574712641537189,0.0574712641537189,28.7150077819824,75.6220092773438,75.9671859741211,0.470444619655609,1.41567468643188,1.87627375125885,0,0,0,50,680857092,367241001,100.711524963379,55.5419998168945
46.8330307006836,45.9409294128418,43.0151023864746,0.0451612919569016,0.0486486479640007,0.0486486479640007,0.104972377419472,0.0202020201832056,0.0202020201832056,26.5467872619629,77.2574996948242,76.964111328125,0.384422987699509,1.38664555549622,1.78366601467133,0,0,0,50,1193730928,367241004,101.940765380859,59.8030014038086
48.894100189209,48.3198699951172,45.6606521606445,0.115384615957737,0.173076927661896,0.173076927661896,0.140740737318993,0.13475176692009,0.13475176692009,28.7150077819824,75.6220092773438,75.9671859741211,0.470444619655609,1.41567468643188,1.87627375125885,1,0,0,40,22867000,367241007,48.5864028930664,43.7309989929199
45.21630859375,46.2109527587891,43.0219383239746,0.425742566585541,0.627451002597809,0.627451002597809,-0.006993006914854,-0.0849673226475716,-0.0849673226475716,28.7150077819824,75.6220092773438,75.9671859741211,0.384422987699509,1.38664555549622,1.78366601467133,0,0,0,50,22867000,367241008,101.316047668457,75.3160018920898
46.5151557922363,46.2382965087891,43.7363052368164,0.182389929890633,0.0994152054190636,0.0994152054190636,-0.0217391308397055,-0.0107526881620288,-0.0107526881620288,26.5467872619629,77.2574996948242,76.964111328125,0.384422987699509,1.38664555549622,1.78366601467133,0,0,0,50,424058051,367241009,87.868766784668,38.8139991760254
47.8447647094727,46.9936790466309,44.7514572143555,0.0769230797886848,0.151079133152962,0.151079133152962,0.0059171598404645,-0.0322580635547638,-0.0322580635547638,28.7150077819824,75.6220092773438,75.9671859741211,0.384422987699509,1.38664555549622,1.78366601467133,0,0,0,50,173151443,367241010,97.9331283569336,71.4729995727539
45.0590782165527,46.5732612609863,44.1054534912109,0.11304347962141,0.151515156030655,0.151515156030655,0.123287670314312,0.0731707289814949,0.0731707289814949,26.5467872619629,77.2574996948242,76.964111328125,0.384422987699509,1.38664555549622,1.78366601467133,0,0,0,50,1258513243,367241013,98.6705474853516,40.0009994506836
49.3726196289062,48.5728034973145,47.5439796447754,0.176470592617989,0.150000005960464,0.150000005960464,0.0825688093900681,0.140186920762062,0.140186920762062,28.7150077819824,75.6220092773438,75.9671859741211,0.384422987699509,1.38664555549622,1.78366601467133,0,0,0,50,172637627,367241015,85.7302093505859,40.5209999084473
47.9541435241699,47.4551124572754,45.8178787231445,0.0724637657403946,0.203389823436737,0.203389823436737,0.0864197537302971,0.0779220759868622,0.0779220759868622,28.7150077819824,75.6220092773438,75.9671859741211,0.384422987699509,1.38664555549622,1.78366601467133,0,0,0,50,424727472,367241016,106.15616607666,45.7029991149902
49.7998733520508,49.123104095459,46.3510932922363,0.0178571436554193,0.0495049506425858,0.0495049506425858,0.129770994186401,0.158730164170265,0.158730164170265,28.7150077819824,75.6220092773438,75.9671859741211,0.390679448843002,1.3548389673233,1.80588376522064,0,0,0,50,755763626,367241017,106.192993164062,81.5719985961914
48.2720184326172,47.2124328613281,44.6249923706055,0.0588235296308994,0.0615384615957737,0.0615384615957737,0.0399999991059303,0.0547945201396942,0.0547945201396942,26.5467872619629,77.2574996948242,76.964111328125,0.384422987699509,1.38664555549622,1.78366601467133,0,0,0,50,172606311,367241022,87.868766784668,32.7669982910156
51.0235252380371,50.5039863586426,47.1611633300781,0.188118815422058,0.216494843363762,0.216494843363762,0.0476190485060215,0.0560000017285347,0.0560000017285347,26.5467872619629,77.2574996948242,76.964111328125,0.384422987699509,1.38664555549622,1.78366601467133,0,1,1,50,680865149,367241024,86.2817764282227,44.5390014648438
51.4165954589844,50.7705917358398,48.8599166870117,0.266666680574417,0.25,0.25,0.102362208068371,0.137931033968925,0.137931033968925,28.7150077819824,75.6220092773438,75.9671859741211,0.390679448843002,1.3548389673233,1.80588376522064,0,0,0,50,37576970,367241030,105.076568603516,55.0050010681152
50.001537322998,53.2691650390625,52.6231575012207,0.163934424519539,0.187969923019409,0.187969923019409,0.169590637087822,0.141304343938828,0.141304343938828,28.7150077819824,75.6220092773438,75.9671859741211,0.390679448843002,1.3548389673233,1.80588376522064,0,0,0,50,172608767,367241031,108.477378845215,46.6129989624023
50.9175682067871,53.4468994140625,52.5547981262207,0.192660555243492,0.194244608283043,0.194244608283043,0.192546591162682,0.130890056490898,0.130890056490898,28.7150077819824,75.6220092773438,75.9671859741211,0.384422987699509,1.38664555549622,1.78366601467133,0,0,0,50,172608767,367241033,107.578735351562,36.1240005493164
50.7705917358398,49.936595916748,47.5337257385254,0.145454540848732,0.122807018458843,0.122807018458843,0.0802919715642929,0.0153846153989434,0.0153846153989434,26.5467872619629,77.2574996948242,76.964111328125,0.384422987699509,1.38664555549622,1.78366601467133,0,0,0,50,326728727,367241034,95.983642578125,43.6800003051758
52.0728569030762,50.7842636108398,49.5161781311035,0.0547945201396942,0.0676691755652428,0.0676691755652428,0.0191082805395126,0.0469798669219017,0.0469798669219017,26.5467872619629,77.2574996948242,76.964111328125,0.384422987699509,1.38664555549622,1.78366601467133,0,0,0,50,993887576,367241036,102.808029174805,37.4690017700195
48.6548385620117,46.9424095153809,44.3344612121582,0.0461538471281528,0.030303031206131,0.030303031206131,0.150000005960464,0.235955059528351,0.235955059528351,28.7150077819824,75.6220092773438,75.9671859741211,0.384422987699509,1.38664555549622,1.78366601467133,0,0,0,50,1258217776,367241039,57.6562118530273,76.3330001831055
48.7949752807617,47.5508155822754,45.0590782165527,0.0825688093900681,0.0588235296308994,0.0588235296308994,0.132352948188782,0.112676054239273,0.112676054239273,28.7150077819824,75.6220092773438,75.9671859741211,0.390679448843002,1.3548389673233,1.80588376522064,0,0,0,60,424075131,367241041,85.0935668945312,31.5520000457764
52.1583061218262,50.6817245483398,47.4653663635254,0.0160427801311016,0.0333333350718021,0.0333333350718021,0.0404040403664112,0.0412371121346951,0.0412371121346951,28.7150077819824,75.6220092773438,75.9671859741211,0.384422987699509,1.38664555549622,1.78366601467133,0,0,0,50,30392806,367241042,51.5530433654785,57.9039993286133
48.2002410888672,48.965877532959,45.3667030334473,0.418604642152786,0.183673471212387,0.183673471212387,-0.0338983051478863,0.0413223132491112,0.0413223132491112,26.5467872619629,77.2574996948242,76.964111328125,0.384422987699509,1.38664555549622,1.78366601467133,0,0,0,50,1389009490,367241045,70.8283920288086,38.1529998779297
48.7402877807617,47.4516944885254,44.3412971496582,0.0270270276814699,0.0708661451935768,0.0708661451935768,0.0617283955216408,0.105263158679008,0.105263158679008,26.5467872619629,77.2574996948242,76.964111328125,0.384422987699509,1.38664555549622,1.78366601467133,0,0,0,50,172617914,367241046,93.586067199707,46.1549987792969
50.7945175170898,49.6665725708008,47.7148818969727,0.274725288152695,0.340659350156784,0.340659350156784,-0.045045044273138,-0.0166666675359011,-0.0166666675359011,28.7150077819824,75.6220092773438,75.9671859741211,0.384422987699509,1.38664555549622,1.78366601467133,0,0,0,50,231000418,367241047,96.2844467163086,66.1269989013672
47.9883232116699,48.4155769348145,45.9238395690918,0.029585799202323,0.0193548388779163,0.0193548388779163,0.0279329605400562,0.0186335407197475,0.0186335407197475,28.7150077819824,75.6220092773438,75.9671859741211,0.384422987699509,1.38664555549622,1.78366601467133,0,0,0,50,104568384,367241048,101.584266662598,65.6240005493164
48.904354095459,47.6396865844727,45.0966796875,0.0277777779847383,0.100775197148323,0.100775197148323,0.0750000029802322,0.0779220759868622,0.0779220759868622,28.7150077819824,75.6220092773438,75.9671859741211,0.384422987699509,1.38664555549622,1.78366601467133,0,0,0,50,172610574,367241050,92.5597915649414,41.0180015563965
47.0176048278809,45.5649452209473,43.0151023864746,0.0918367356061935,-0.0044843051582574,-0.0044843051582574,-0.0288461539894342,-0.0277777779847383,-0.0277777779847383,28.7150077819824,75.6220092773438,75.9671859741211,0.384422987699509,1.38664555549622,1.78366601467133,0,0,0,50,603406568,367241055,97.4632186889648,41.9900016784668
47.5918312072754,46.6347885131836,43.4081764221191,0.0322580635547638,0.0365853644907475,0.0365853644907475,0.0588235296308994,0.0285714287310839,0.0285714287310839,26.5467872619629,77.2574996948242,76.964111328125,0.384422987699509,1.38664555549622,1.78366601467133,1,1,1,10,601945557,367241061,95.4944458007812,44.8330001831055
46.4057807922363,45.0180625915527,43.1620788574219,0.0654205605387688,0.0299999993294477,0.0299999993294477,-0.0506912432610989,0.0,0.0,26.5467872619629,77.2574996948242,76.964111328125,0.470444619655609,1.41567468643188,1.87627375125885,0,0,0,50,173154856,367241064,103.823135375977,48.8959999084473
47.1953430175781,46.5254096984863,43.9140434265137,0.0322580635547638,0.068322978913784,0.068322978913784,0.0588235296308994,0.0227272734045982,0.0227272734045982,28.7150077819824,75.6220092773438,75.9671859741211,0.384422987699509,1.38664555549622,1.78366601467133,0,0,0,50,1240059722,367241066,112.409950256348,46.4210014343262
50.9551658630371,51.0577049255371,47.9336357116699,0.0545454546809196,0.0625,0.0625,0.140740737318993,0.190476194024086,0.190476194024086,28.7150077819824,75.6220092773438,75.9671859741211,0.384422987699509,1.38664555549622,1.78366601467133,0,0,0,50,368911787,367241067,96.9848175048828,40.7410011291504
41.5590286254883,43.4115943908691,42.3759346008301,0.577777802944183,0.571428596973419,0.571428596973419,-0.109375,-0.0476190485060215,-0.0476190485060215,26.5467872619629,77.2574996948242,76.964111328125,0.470444619655609,1.41567468643188,1.87627375125885,0,0,0,50,231000418,367241072,95.4331283569336,53.9539985656738
50.3091583251953,48.5044441223145,46.2314605712891,0.0814814791083336,0.014492753893137,0.014492753893137,0.0987654328346252,0.0666666701436043,0.0666666701436043,28.7150077819824,75.6220092773438,75.9671859741211,0.384422987699509,1.38664555549622,1.78366601467133,0,0,0,50,30392806,367241074,97.5804214477539,51.2299995422363
52.3087005615234,50.1895294189453,46.7065658569336,0.0384615398943424,0.030303031206131,0.030303031206131,0.15625,0.170731708407402,0.170731708407402,26.5467872619629,77.2574996948242,76.964111328125,0.384422987699509,1.38664555549622,1.78366601467133,0,0,0,50,1189582095,367241079,95.4217910766602,28.8279991149902
50.6031074523926,49.6289710998535,46.9902610778809,0.348837196826935,0.325842708349228,0.325842708349228,-0.0357142873108387,0.0,0.0,28.7150077819824,75.6220092773438,75.9671859741211,0.384422987699509,1.38664555549622,1.78366601467133,0,0,0,50,22867000,367241082,102.763397216797,60.7299995422363
48.7437057495117,49.4854164123535,44.2319183349609,0.148936167359352,0.0754716992378235,0.0754716992378235,0.142857149243355,0.167883217334747,0.167883217334747,28.7150077819824,75.6220092773438,75.9671859741211,0.384422987699509,1.38664555549622,1.78366601467133,0,0,0,50,1074702678,367241085,99.0405426025391,46.4939994812012
48.5146980285645,49.3179321289062,46.0161247253418,0.0810810774564743,0.135135129094124,0.135135129094124,0.148936167359352,0.151515156030655,0.151515156030655,28.7150077819824,75.6220092773438,75.9671859741211,0.384422987699509,1.38664555549622,1.78366601467133,0,0,0,20,178823746,367241095,12.2262687683105,45.4830017089844
49.2256469726562,49.116268157959,46.7988510131836,0.129411771893501,0.217391297221184,0.217391297221184,0.142857149243355,0.207547172904015,0.207547172904015,26.5467872619629,77.2574996948242,76.964111328125,0.470444619655609,1.41567468643188,1.87627375125885,0,0,0,50,326728727,367241096,99.9860610961914,41.9560012817383
45.2744140625,45.9614372253418,43.0390319824219,0.547826111316681,0.224137932062149,0.224137932062149,-0.155844151973724,0.0469798669219017,0.0469798669219017,28.7150077819824,75.6220092773438,75.9671859741211,0.470444619655609,1.41567468643188,1.87627375125885,0,0,0,50,326856791,367241097,89.2587127685547,45.4370002746582
50.2920684814453,49.010311126709,46.4433784484863,0.175257727503777,0.111111111938953,0.111111111938953,0.0879999995231628,0.0370370373129845,0.0370370373129845,26.5467872619629,77.2574996948242,76.964111328125,0.470444619655609,1.41567468643188,1.87627375125885,0,0,0,40,172631915,367241100,14.1918611526489,45.4830017089844
47.7934951782227,45.8383903503418,43.6406021118164,0.0666666701436043,0.0677966102957726,0.0677966102957726,0.182481750845909,0.148648649454117,0.148648649454117,28.7150077819824,75.6220092773438,75.9671859741211,0.470444619655609,1.41567468643188,1.87627375125885,0,0,0,50,323235543,367241104,90.2016677856445,47.4210014343262
49.912670135498,48.1147918701172,45.7905349731445,0.0789473652839661,0.0632911399006844,0.0632911399006844,0.127659574151039,0.106382980942726,0.106382980942726,28.7150077819824,75.6220092773438,75.9671859741211,0.390679448843002,1.3548389673233,1.80588376522064,0,0,0,50,1058518225,367241105,92.7036514282227,74.9260025024414
48.6514205932617,48.3198699951172,47.7695693969727,0.103092782199383,0.0109890112653375,0.0109890112653375,-0.075376883149147,-0.0054644807241857,-0.0054644807241857,26.5467872619629,77.2574996948242,76.964111328125,0.384422987699509,1.38664555549622,1.78366601467133,1,1,1,50,326728727,367241107,43.3761138916016,38.9949989318848
51.3653259277344,51.2012634277344,47.6499404907227,0.0721649453043938,0.175257727503777,0.175257727503777,0.111111111938953,0.0879999995231628,0.0879999995231628,28.7150077819824,75.6220092773438,75.9671859741211,0.390679448843002,1.3548389673233,1.80588376522064,0,0,0,50,30392806,367241108,98.9737701416016,54.6380004882812
47.7148818969727,47.2226867675781,44.9360313415527,0.120418846607208,0.0660377368330956,0.0660377368330956,-0.0388349518179893,-0.0511627905070782,-0.0511627905070782,28.7150077819824,75.6220092773438,75.9671859741211,0.470444619655609,1.41567468643188,1.87627375125885,0,0,0,50,424058080,367241110,99.5386047363281,43.0750007629395
49.3555297851562,49.006893157959,46.8603782653809,0.102803736925125,0.132867127656937,0.132867127656937,0.112781956791878,-0.0062111802399158,-0.0062111802399158,28.7150077819824,75.6220092773438,75.9671859741211,0.384422987699509,1.38664555549622,1.78366601467133,0,0,0,50,22867000,367241111,104.553482055664,31.6310005187988
48.0498466491699,47.0722923278809,44.2900238037109,0.0694444477558136,-0.0424242429435253,-0.0424242429435253,0.0833333358168602,0.0650887563824654,0.0650887563824654,28.7150077819824,75.6220092773438,75.9671859741211,0.384422987699509,1.38664555549622,1.78366601467133,0,0,0,50,172608773,367241116,99.7534332275391,47.568000793457
50.2818145751953,51.6353492736816,49.4717445373535,0.0769230797886848,0.0909090936183929,0.0909090936183929,0.138461545109749,0.168316826224327,0.168316826224327,28.7150077819824,75.6220092773438,75.9671859741211,0.384422987699509,1.38664555549622,1.78366601467133,0,0,0,50,1191969939,367241120,112.770362854004,42.6399993896484
52.6436653137207,51.4029235839844,49.7212600708008,0.0442477874457836,0.0784313753247261,0.0784313753247261,0.125925928354263,0.126984134316444,0.126984134316444,26.5467872619629,77.2574996948242,76.964111328125,0.384422987699509,1.38664555549622,1.78366601467133,0,0,0,50,172891913,367241129,104.599227905273,41.2610015869141
